seed,t_160,t_200,t_240,t_280,t_320,t_360,t_400,t_440,t_480,t_520,t_560,t_600,t_640,t_680,t_720,t_760,t_800,t_840,t_880,t_920,t_960,t_1000,t_1040,t_1080,t_1120,t_1160,t_1200,t_1240,t_1280,t_1320,t_1360,t_1400,t_1440,t_1480,t_1520,t_1560,t_1600,t_1640,t_1680,t_1720,t_1760,t_1800,t_1840,t_1880,t_1920,t_1960,t_2000
1,43.78716206223075,44.67482017934873,45.32397121518975,45.91473545289587,45.952646030883336,45.694845743792506,45.52293098003953,45.04175214832083,44.63642719198552,44.760122416718346,44.625083679092214,44.42355313796127,44.33097130981234,44.28635555081501,44.024411397509226,43.494413009609325,42.85721506514222,42.944093222317896,43.82872109173291,44.603004409756174,45.963966272768616,47.40106439009054,49.05124185041289,50.08208201719001,50.24666468897354,49.602041407762464,49.358253489418395,49.57422974042917,49.32613038300771,49.12589559157996,48.42784907645034,48.07953161394051,48.26562304333789,47.68369886741721,46.11749169220109,44.82144062927745,44.21768767936215,43.04248800289731,42.11185664900965,41.79588641134288,42.2000019280332,43.36781999745193,43.861875663965314,43.65239191718734,43.478364230716664,43.34871579535296,42.372822495733885
2,45.16845733701193,42.549023812600915,44.08970210180116,44.62177114594186,45.16083139709729,45.447700746155036,45.46332677473933,45.42232252885714,45.251338429691906,45.15014191714239,45.05692033056888,44.78652311631112,44.34970656751666,44.052807886911,43.57373541619463,43.24397121697786,43.33534378672342,43.52802291314405,43.65704671090868,43.673455675589246,43.6435580303174,43.43750774426439,43.20753588061963,43.27330184473319,43.47322570616819,43.61483504339354,43.732643680755594,43.89124013655126,44.340017671035476,44.97757201865952,45.724912023017616,46.159734081135376,46.75656172058284,46.87791792311233,46.656897338289454,46.21361731145353,45.695847800456505,45.12946085535804,44.36994592562442,43.78911555245095,43.3617967263743,43.02500897742974,42.663903485063834,42.57960684192377,42.659007104872636,42.81858148137485,43.25431463516264
3,44.591567014031305,44.6255925730649,44.609279599820766,44.517070568392406,44.57306828327174,44.5923189712531,44.57004868344511,44.56219822627494,44.42234369968035,44.43212581682466,44.50457603485864,44.504810839546714,44.64110136898654,44.801402432024446,44.812562362711745,44.78003139810561,44.78251102393114,44.626159472398705,44.29590037411002,44.11304849376643,43.97155978155057,43.96655044780309,44.22522956752385,44.39262618336655,44.605364345379584,44.75903530888652,44.807011695332676,45.025880939602835,45.34537957649411,45.541131879990836,45.543194421203076,45.62928302033636,45.46409445013756,45.34203497983993,45.08743279639218,44.87451936131843,44.60058165959738,44.47769411194442,44.61278569483825,44.80288953573478,45.037601346929556,45.33081682866253,45.639153525291185,46.07104154923394,46.45664865964239,46.5055648413249,46.37318870774209
4,43.32056884620417,43.42357729974849,43.58553163048147,43.81249114349621,44.15876875811743,44.54852710453819,44.96417283535787,45.28677845252105,45.41931785953628,45.44385879660796,45.62719416915252,45.88385304798245,45.96354307190095,45.86321075692118,45.64250575078382,45.467352308065585,45.36820784072236,45.04135242314213,44.67216768813612,44.477288637473066,44.2858512896393,44.11199956232364,43.833475310819615,43.51261429734122,43.33346532152748,43.403218192450694,43.66608276299487,44.13598066645197,44.530149072941974,44.87321123534777,45.257098357381,45.72524078624868,45.85109905625069,45.86877655915074,45.85876934358807,45.647755016970855,45.21775133215952,44.68044436743872,43.88620338770169,43.108410112065116,42.6364323644106,42.49301992056034,42.66925811537168,42.98478794956785,43.116051672929295,43.47201716702312,43.912519088899266
5,44.341448647388056,44.3179856658588,45.6162236461694,45.42334586892908,45.89723623483295,46.68139433800536,47.26851003310362,47.696734345374516,47.72627641733114,47.51856387940579,47.334568506449656,47.10671831260265,46.624930848352065,46.22938455700247,45.80226356625108,45.4832494179998,45.099894397572456,44.7562365994827,44.51205975034808,44.346709445005885,44.13280008008418,44.021353200885045,44.38220285805323,44.52832753783947,44.94185806269356,45.741668838802056,46.61839674443663,47.490372727704994,47.84978422581648,47.87516808090703,47.88721385248474,47.848143428579476,47.7354128951577,47.84908376865056,47.74234222350172,47.090936351898854,46.28807037347818,45.48004898697051,44.63286021612091,43.870805148167186,43.068854863039796,42.43979705968085,42.071388922881006,41.92858960202835,42.28276456291697,42.99507202224324,43.77445496904189
6,41.41941815915248,42.83174838058012,44.27094621444631,45.52983079815801,46.52732406332257,47.15802598551882,47.664498124436456,48.04166951199537,48.0884932558668,47.70146458361559,47.15257588111841,46.499329047208725,45.54817165286811,44.75425473889567,44.281746809895274,44.16584703254379,44.246756728952356,44.121281771576555,44.08874171560021,44.268466360595895,44.48675538976291,44.70845989836702,44.76098367426563,44.70998894768032,44.46965335215196,44.24907944316689,44.38283213589163,44.57117417163099,45.16199017831071,45.56608198916448,45.341712386262806,45.02888989817205,44.587802708828676,43.96096911003377,43.550893958638326,43.08581970072948,42.662287444812115,42.391527586896004,42.18513498471258,42.33454087290917,42.70267953202185,42.72959348899282,42.583704634183604,42.50670216918772,42.605090018322684,42.57702486937007,42.27594302917867
7,47.67583704513036,41.9036995375247,41.84497845258079,42.14987959590581,42.698656320425705,43.207170957617286,43.65145458114428,43.93653226146579,44.147259104876404,44.377169286100354,44.79652416557791,45.396459121740726,45.724831155008005,45.853469207226276,45.77563053857038,45.634160486739425,45.51634021992305,45.315341462656285,45.17063915084291,45.146669779712354,45.3075821720118,45.60291616450636,45.85970317518837,46.021603194474544,45.979396282650235,46.118593379116774,46.23982645760644,46.35844350337038,46.314972932379355,46.2722497646302,45.96058540898217,45.378167236223305,44.66893612540703,44.178007843788926,43.91004853091992,43.87927437967339,43.83814673929845,43.60485240315055,43.6046872378219,43.637431055026155,43.454609840997776,43.13287765163819,43.011904937422706,42.885513216616324,42.65193509189841,42.22793761688726,41.661005747438274
8,43.89348229451499,44.16280436680763,44.42088227242823,44.77748977202475,45.06636037398538,44.86635443657574,44.825289773278264,44.893951389493616,44.6856706958881,44.354893206867416,44.63004028703637,44.850647161902856,44.990675779826766,45.25100492041077,45.48009535938187,45.75337124988069,45.978108560586904,45.9327248321606,45.75986282889342,45.592855037544055,45.50205613418893,45.72252249627049,45.98757722303066,46.25816567369673,46.365207771061506,46.216916882451265,45.817687171903934,45.50761701255757,45.29981853279589,44.833338071943295,44.22126420986034,43.74543662463397,43.459207781444704,43.241247818024114,43.275790657767686,43.20813660812385,42.797582657895994,42.36654344693363,41.955759163797765,42.4095605443349,42.8741673173948,43.375436561925696,43.76054811994496,44.15254952468395,44.662667512618256,44.81725722356469,45.072286859629685
9,40.07047026989786,41.43092567448612,42.80826921007852,44.14766025808782,46.019112003198984,46.8251799407891,46.88825451452087,46.577884242736054,45.87541883870174,45.156851393752575,44.98254102620752,45.37231274223765,46.15029467939526,46.977469157868065,47.41792470642452,48.22816167184218,47.43111864380363,47.00911611660159,43.41834771820979,46.53679272370825,46.54086487267833,46.708890724678454,46.672051325358616,47.04865124544455,46.37575723439933,45.47579007932705,44.43959757548154,43.79073658865519,43.85639324862899,43.973623895026954,43.39815123457237,42.72888415242568,41.37438746432041,40.337090386318366,39.376873923457495,39.85059613357504,41.82113601750927,43.52461764652342,44.03864683622,44.55930696035761,44.77591677903221,44.93979046091713,44.979511439908926,45.71738202420845,47.082874402444475,47.01148528999104,45.78281079609267
10,39.02788872474262,39.48947489390693,40.87584883320133,41.87940246450069,42.814999947187786,43.336332226745384,43.52292539255622,43.67813070943119,43.603415452488996,43.43805618663694,42.71102800187469,42.864585178461795,43.11460252744489,43.75514940130686,44.31508980618072,44.86090251332113,45.346814160342184,45.41717219212076,45.33604408316537,45.49605569492804,46.0976920656969,46.47288163404671,46.702466797606284,46.81394318659419,47.0026036658313,47.220480491698076,47.16959276247011,46.79797619134796,47.07050541504334,46.98978744742573,46.76519390646378,46.087006911233246,44.66991614327696,43.02035211052612,41.63203796580864,40.52392164798511,40.87594591618313,42.16295916138441,43.20094457901064,44.57402823702346,45.78554815352343,46.23244146374618,45.88323961835373,44.66131067881614,42.66428995637161,41.39854463729635,40.87879063772327
11,41.15172482510301,42.13323250975039,42.48070517496654,42.69942897372243,42.94187775946316,43.299791342812604,43.31770792125939,43.15665020900121,42.904338089355115,42.65997191549256,42.347095479166995,42.00936962667701,41.894076481365744,41.80370871971674,41.89593535495193,41.96595131319182,42.287804832239175,42.582251444690534,43.080378617407014,43.54337465214657,43.90739415562515,44.10831959889417,44.15845199216691,44.33120926419399,44.19916963439436,44.26188987486201,44.11921612974547,43.97582964685822,43.81478538307444,43.81413328141253,43.66483644846809,43.68246398381205,43.860332744531476,44.054314510334244,44.044166264574656,44.28744973663228,44.532689012450746,44.48155297268482,44.53300393768759,44.249378112532646,43.986498906458486,44.06935796514925,44.14656488633337,43.976656855978334,43.9107258285257,44.02914506060965,44.04736173672634
12,43.362472460178864,43.23773846845078,43.22475822667711,43.229995102672625,43.24741356913333,43.416213327043245,43.72657740613951,44.0189860939723,44.191810705389564,44.397009111554894,44.721924066784155,44.9875824933277,45.22825075754368,45.43022733236592,45.54263916061944,45.65311684142468,45.5661303501731,45.54930980022154,45.57031720129741,45.47268808318007,45.39610538904366,45.625998215977475,45.521141003958355,45.07625941753117,44.69611608029413,44.54685156282799,44.547737294971505,44.64783641850197,44.69285209806744,44.65910709603505,44.545472548494516,44.3212590049066,44.00996559286905,43.874092316247406,43.717521096909756,43.67389245645464,43.96511343647612,44.00391419461854,43.697386590123116,43.43643127743177,43.16687513009735,43.054380010053315,43.234443039101855,43.471995440091526,43.53972747279099,43.47982932545655,43.23293865244449
13,40.219718865905364,43.24195008444835,42.8953164917987,43.48573062147741,43.88727544455962,44.11894488143385,44.12247578507363,44.09376458192963,43.94775091249405,43.854248770102004,43.851700849174264,43.930276009630944,44.01866446135245,44.1874424300914,44.21680272557629,44.447574432193804,44.70305278518307,44.63510684838442,44.74738883378752,44.893898895471835,45.272523622095505,45.385012030861226,45.54407858839715,45.77753738746421,45.8356144103846,46.21181758591119,46.70183451546206,46.86675977966153,46.729665370646885,46.56234326895174,46.18830290814322,45.867493322469535,45.42809548594505,44.962017242939794,44.6965202964352,44.56035231008498,44.58716277411421,44.83566205931311,45.10065648410891,45.27616809323648,45.27229925407465,44.63220719680516,43.86267666525527,43.368777163807415,43.050297831659435,42.49999178283714,41.712408341934854
14,44.45555256157686,44.043175249918995,43.71839472070137,43.678558827996795,43.487841412342135,43.656544535883434,43.87032204272372,43.910577419542996,44.02082607810106,43.984581030210556,43.857299292124836,43.346610789902265,43.54342570858678,43.63773273984372,43.72747423202988,44.17841148190896,44.51123593618694,45.075473366219036,46.066115756153515,46.940229686221436,47.52135588970177,47.76401542009709,47.654798406674054,47.05756429389334,46.35596314089543,45.53568920021748,44.689130652613606,44.596350165977576,44.625576509964525,44.53278820981678,43.92122870268561,43.05176909662092,42.17573158472576,41.617904451508146,41.33589317280407,41.58818066390409,41.84778729922566,42.42543812700381,42.98672144595083,43.123964342234615,42.80434714267305,42.19700399251557,41.91449950034531,42.31400886372653,42.54041316507568,43.05965474208024,43.39059881040966
15,42.61500149195094,43.18677594778196,44.08452052867687,44.1588029064423,44.70449351860618,45.16559617633908,45.62750398566557,45.565151390751076,45.238550067967616,44.880228216641804,44.662710241591455,44.74340990993487,45.18279349811833,45.47561723690772,45.90621022905087,46.00157784726994,45.90422326896812,45.90238973977209,46.117400459031096,46.00814383468748,46.077597141162705,45.99224602474641,46.09273115896055,46.22431194947939,46.38393893573495,46.11819655871927,46.19346766716496,46.18970114880158,46.188098172178364,46.23717014693613,46.426200204705864,46.70459008728205,47.14767964948851,47.263009698506266,47.456520601999756,47.36378278812993,47.102999434341996,46.29685382522514,45.588004629327415,45.13043078298178,44.6473027443496,44.107698373230015,43.62095085824267,43.52182524781649,43.81291048202089,44.20784542419393,44.823216996824854
16,45.43695164501464,45.2405393617285,45.063361998233795,45.00263711857024,44.99849728066068,44.96100493643996,44.94724859414422,44.97208243791312,44.956270468820286,45.09427338566046,45.22724920384362,45.43451732096889,45.543463128413734,45.542863824838484,45.57642720775935,45.48514312343004,45.425949775735354,45.263547697436856,45.00182266170965,44.71387539122069,44.428157125002706,44.094270938220895,43.77774446102487,43.52125154161074,43.46166493110741,43.52235813215366,43.44782154498248,43.52382299222597,43.4888322628057,43.328670995207204,43.22867310866119,42.949283657897034,42.76698589304708,42.69508393836982,42.70890406332798,42.813810189544306,42.90649631504743,42.95973546430215,43.019143431569894,43.11008823433272,43.3080719984001,43.49232280940759,43.45650537610539,43.41079872486522,43.40966563963455,43.30273336215273,43.04570752830961
17,39.90702297212777,40.89822090536547,43.30524299175542,43.90173672475251,44.34405202925277,44.86662392936263,45.10805239608552,44.640308828984935,43.96531127090919,43.50951613546319,42.99548472406881,42.751944327572886,43.71640956733909,44.49358726446583,45.112284002507806,45.47244715048647,46.23831293637994,46.70289500222316,46.402232691490745,46.81583770299088,47.88374214412129,48.364684015748345,48.80894221730082,49.43026915917698,49.250699744844624,48.20105321540241,47.30066662416204,46.241917397175044,45.72846710608578,45.343646449041536,44.45678055159244,44.71891186994207,44.5868948601016,44.42893054533791,44.12519623936294,43.318617270840825,42.426034392608486,42.19531881976533,42.847257672846546,42.96466645044642,42.49533449766352,41.84386437384454,41.54566522030319,41.20951092296685,41.00910522946098,40.92497430946207,41.958604235865664
18,42.60038103020309,42.56969493326053,42.55742603644531,42.69227173023497,42.92320416709198,43.20364434265701,43.53098842492219,43.819467621479276,43.97986675243934,44.25111096288089,44.54686752633286,44.68712906916485,44.71406542354187,44.625125399468175,44.503818710025385,44.30692505698447,44.287184717235725,44.143969957923645,44.05068858334816,43.90140957653981,43.82411600647396,43.72815572582069,43.55531544351684,43.510893091362256,43.571378529746056,43.93770632838517,44.47934873005046,44.96491686213089,45.38388035809906,45.446252246281134,45.35160008573572,45.37167994508785,45.72100060856067,46.081751698447654,46.27715293224181,46.143506927922466,45.89226402052105,45.459479332308874,44.66243147114849,43.87866590789496,43.37149212625922,43.16224974039416,43.12360397316089,43.080891297945676,42.83442498758099,42.38861046621104,41.95026889826052
19,40.9367405531519,41.1050653622409,41.72732831296767,42.61851174076318,42.85692439039126,43.15943217550808,43.69827138779418,43.93648867404667,44.1508077624184,44.370263876169396,44.26585867875778,44.01461727310664,43.953910200100935,43.893507972127395,43.743750107187864,43.12543823861166,43.14749397848853,43.47144900115466,43.75271027995418,44.121744997727795,44.495745665364595,44.92299958498232,45.24513306247895,45.84612084919797,46.06879701197983,45.86168776997092,45.58030930791736,45.5698145484141,45.72678516519613,46.13016264185697,46.54070108144039,46.3039482967957,45.8716561056972,45.61581318415742,45.431131273187745,44.68138915769175,43.902433522933535,43.38577297743332,43.11201235316631,43.64809182647923,44.23865213806261,44.825124073540294,45.62228561565775,46.51638544393778,47.055301995806715,47.6645761615967,47.50445936437784
20,43.86791681457966,43.47229647192413,43.35887435616278,43.583216176155624,44.3047221536021,44.64227457467639,45.287143238131875,45.903130683987705,46.75836877915957,47.50531553536185,47.580773299310344,47.16817694213428,46.60096925610469,46.12633602075304,47.620448669268825,44.836852564290425,44.25860888242568,44.52206206040088,43.8957788031841,43.654041169188304,43.34511884761856,43.22599767418631,43.53663660686032,43.93968736177895,44.149927032984145,44.1601580752995,43.99338629332187,43.662256164170664,43.16285048688364,42.66248921567658,42.04844369882902,41.3793913446352,41.64076698141129,42.828629126847034,44.213221832279324,45.53836010788647,46.77760156106331,47.79849083532522,47.95600680948146,47.800200451415186,47.37267267475145,46.42806223295707,45.44206062405614,45.11126434481618,44.768055861815704,44.50666182679638,44.280215711393815
21,39.247633065155995,40.63826257900468,42.18359153313862,43.311508650275215,43.846396173447644,44.43353893992384,44.620525463306556,44.559848337438474,44.41818455356277,43.848779846279236,43.315197472422284,42.6618555008448,42.068104454307694,41.483365959979736,41.8430502412622,42.58872398658565,43.76855989718767,44.899922822475745,45.668652107307494,46.59724922566851,47.96089967482034,48.994590097044174,49.01115319012732,49.04241316940795,48.72599225402949,48.29264635890723,47.97614359079344,47.82981066767586,47.78221704623961,47.655534051815586,47.39179850360793,46.8863024359365,46.423340968882364,46.39827652869268,46.135913020193705,45.52943565740476,44.98339703292161,45.27037212930389,45.1650541788558,45.06280969833054,44.70131223328268,44.4366446772172,44.00626133267429,42.42357449368423,40.427123071683816,39.32802223113157,38.98882349384003
22,41.65092115928114,42.68479294548262,43.23732244774882,44.27080205215554,45.25141752167803,45.737967707711775,46.30449707108608,46.54725468953007,46.46082896442104,46.176084179621036,45.28160145127041,44.50601775881293,44.25849742844205,44.9754934453972,46.055179037932604,47.02987943445198,47.578967774317434,47.8941157719956,48.41959915528619,48.5175239510598,47.63355542004204,46.620369024342025,45.43356222280362,43.78706646216302,41.83485718248957,39.69640488134446,37.894441715416434,37.57258969657601,38.866511213049044,40.805094599988884,43.45793790595972,46.06428155918392,48.482828752780236,50.629357297222604,51.48631235586664,50.716193372805265,49.52017561473102,48.04416222120185,46.93016465485121,45.80702509257795,45.43799600988581,45.18744208526021,45.57041630267443,45.69684199014653,46.000905223260276,46.109458607150295,45.94721639818848
23,43.36446291863744,43.82473124883368,44.20861785151715,44.49404489948153,44.8370694914945,45.30068881981613,45.628770536345264,45.793003721829564,45.89519562424608,45.97425241279174,45.92712667995665,45.801412902709956,45.72978683902382,45.62127884811118,45.46951928460913,45.46175655430608,45.556446604536106,45.396413931545844,45.18582124296311,45.07674261569713,45.089666172570915,45.20612325725119,45.508217830635644,45.86649522292489,46.03667773749043,46.105561179390975,46.33890840174831,46.837477619296266,47.2074518609345,47.31458525071098,47.50756306749056,47.68669909627858,47.68282821346648,47.77273427655699,47.8994475959904,47.89994050853485,47.97335458107974,48.06062818463646,47.96694228005922,47.674733789422724,47.16766089759191,46.6173596176814,46.136821004504824,45.6732052961844,45.18148371090413,44.629925370106875,43.873397345272636
24,43.074137260536304,43.53343869614126,43.95490881092915,44.58579955435735,45.0267134923473,45.380344923297436,45.772762294238575,46.13881128031681,46.11624063668152,46.041629836800695,45.954952534352536,45.94257826660323,45.81244333662254,45.75526792720079,45.771077819173286,45.95800286366331,46.15931247688177,46.05448723907924,46.118287617572506,46.22826841927214,46.194251249496695,46.14569667014778,46.119678331582826,46.03691636660025,46.13539747499748,46.19599589469068,46.156091014963486,46.12664283747797,45.99156198672588,45.83507242027159,45.59765301443285,45.58624826483611,45.58845412229482,45.213800699285656,45.00985595959957,45.160721276624955,45.3222782304318,45.565299531407476,45.60043012993086,45.38147933529779,45.08415230492516,44.84767307647762,44.57691662435016,44.56807506028298,44.58571840245173,44.50081311694553,44.23462925536774
25,33.37816541123681,43.778873942932314,44.29465484560415,44.5059338197968,44.34630247853134,44.25386561782263,44.195911522931965,43.98732090726393,43.839803055375086,43.69560486288726,43.89440240753628,44.21269463252617,44.520869945182525,44.48082261398571,44.51957031712611,44.472160455307126,44.12189214801412,43.70861944568129,43.288352203831025,43.02022941769577,42.50934244418935,42.08521765807919,42.097380915020345,42.326152748808774,42.524899794773134,42.66062388048563,43.03695713236968,43.60486521020155,44.3396798158435,45.00015715138316,45.62885808754869,46.37196121680537,46.88135416199353,46.78371213016185,46.712395930589494,46.711582095453295,46.58580081366862,46.2133741525537,45.90143647140413,45.386984630681035,44.53258739681334,43.93178002215707,43.87946964790739,44.06297605979597,44.24425316229305,43.96650901355792,43.600506411956005
26,45.55149095905063,44.28171231107544,44.32192579871218,44.36767197340856,44.451331985492246,44.55837159356677,44.755628763191,44.970773677055526,45.125618542793,45.29082474133156,45.39790216970176,45.44761781250836,45.471097051316676,45.31509983807168,45.077858995005045,44.97390115151707,44.99554504681847,44.99683425825855,44.99890073433553,44.852038519529856,44.692208841956656,44.66520329227176,44.51003893462579,44.413568596745655,44.56805039590475,44.90158005830616,45.35248718266383,45.79195948022774,46.24730175892474,46.575106858978856,46.72129494122878,46.92044131820395,47.14280283990652,47.21447163070983,47.04682860287846,46.85775463881949,46.4259217941371,45.875078463292866,45.5267750700857,45.072797424354874,44.33684086924672,43.732639758765934,43.35852706032751,42.984673195939735,42.77019079945075,42.565459798908044,42.39316262653371
27,52.32791782180229,45.37461952884952,46.210829412975876,46.80966235016166,47.395811647805246,47.719881783429926,48.110188482349116,48.30698073644851,48.34277507407367,48.04675120977219,47.68306550755282,47.23416000856958,46.783964704896114,46.301896808080016,45.945838382203206,45.69335438466222,45.67224903178414,45.81553505782545,45.710597087884246,45.5752907823446,45.46789070528401,45.416131321848866,45.2755126192553,45.291146367623156,45.301275161187355,45.12977826205435,44.81820195911051,44.58047117389199,44.4208250212688,44.45301124650273,44.64709765781627,44.54403851963287,44.383121252978455,44.42933043798325,44.56401451042687,44.66628229022019,44.99104071552246,45.145559749361226,45.25656442347251,45.15265017007627,45.00396351099385,44.74612966302301,44.46506633571296,44.40627965113932,44.306212997882255,44.12376552227261,43.94288181079887
28,45.25927458008809,45.8615654665647,46.20638180173859,44.79332312402056,43.64907816936576,42.77572397538269,42.53868884591087,42.903558454704196,43.27645604562239,43.48504606709883,43.70851231234057,44.46873012841838,44.98960380313722,45.390854988167604,45.85511005765362,46.71580532711614,47.46155164418877,47.86873204439957,48.07449272829788,47.811586986148356,47.89943380773764,47.37940539964535,46.6333824512081,46.665453634149564,46.58635191902116,46.03235895681025,46.150202919605356,46.304445837166696,45.7669720816409,45.007049744075,44.58761780548523,44.53087499449466,45.25051005288429,45.56507966184289,44.84023343908311,44.2412677796285,43.56947875209568,41.89898676829036,40.47579546180637,39.20668231189264,38.641259706313114,39.57401070657812,40.21799447548426,40.38355360582621,41.01733432212485,41.91726872395773,41.577152636637386
29,44.485085933799155,44.81139355949307,45.281771458376106,45.724576834004054,46.0254149492478,46.12033577413369,46.22852645036704,46.09383498494241,46.0463293408881,45.89503983705514,45.69763546533421,45.54824487782099,45.45941382001989,45.44686255308567,45.11715371416396,44.64826644609975,43.997779921285556,43.18819352170016,42.41510124008943,41.70852044951925,41.175360935125305,41.06090192710465,41.607984118989854,42.652629038449454,43.990604381063626,44.78960207669935,45.54920896736272,45.946329212107756,46.296601859792084,46.33992154459752,45.961060619960115,45.52883341635678,45.28649731361269,45.100349934186426,44.88610758314502,44.64750696905266,44.3918740355966,44.815685190597804,45.494472127872356,45.99181960048833,46.35536918515666,46.43579925744167,46.621040446434854,46.36802254440046,45.83687430692031,44.80611090053463,43.94048990336776
30,44.88276096151842,44.53578576083046,44.50031058551429,44.534914896478114,44.677464310312246,44.78775436309693,45.05539618987479,45.41935267735804,45.798228229892075,45.96750854852834,45.90379930561885,45.80677317161595,46.01590144494198,46.29682230806856,46.47439593805441,46.364097327925116,46.416528857516546,46.276094806682984,46.0256336312031,45.89853642161086,45.94669247684211,46.18605279029213,46.377526130924196,46.59376846389783,46.658155098902974,46.47621554056826,46.44028214041581,46.64861951715933,46.77210172409096,46.72240331946359,46.81418536134456,46.7998884325435,46.67760322969343,46.4805121113555,46.1136903981902,45.881382900776046,45.95421422746351,46.217410746527705,46.5039652853722,46.5981384962602,46.73497136833758,46.974027653474735,47.39859521817391,47.525607605365664,47.67175532046156,47.63223512162398,47.27408147559928
31,42.50768593806706,42.87174666248073,43.132401971617895,43.436662827841324,43.64719277837413,43.758929345439014,43.52385849968249,43.343171822158865,43.455747409101626,43.68576817993856,43.839527795785884,44.002006563715554,44.35364227357906,44.803166421082544,45.362296551391935,45.725355291535294,46.07778117102668,46.26942280401031,46.421887752880686,46.16206955611848,45.95393864932722,45.87737158307858,45.92637472518212,45.7504923554281,45.381311830085835,45.21061290726887,45.22188186101287,45.352541807904096,45.61973259992154,46.03186835049061,46.62734453501016,47.12944061138728,46.95738509738631,46.44988928080366,46.0805734589832,45.898316151999154,45.418178380827335,44.72918272372089,43.87522062427471,43.02343058252474,42.35615686348772,42.04063523643213,41.8306336798134,42.00329423211135,42.28519543671135,42.36942202120134,42.142939912033114
32,42.983323467562464,43.44537976735498,43.663048169714024,44.66779162807259,44.89541553948561,45.08610248923848,45.1020785361121,45.27725590586283,45.490087759519795,45.62181953191395,45.732425306190784,46.08505941415166,46.48236442572426,46.487920041637366,46.277012912557794,46.154685291810075,46.014144838736186,45.93382260173543,45.62018291610196,45.12077899324368,44.72988522529338,44.16943644415497,43.86737412901758,43.70836032710404,43.5877040550868,43.01894606047615,42.60561710476514,42.494655224507284,42.96774752906389,44.0035166557701,44.720092269951365,45.42918359352787,46.08786441191378,46.478569450501986,46.40140907355324,45.839718266992044,44.663083369212586,43.81604548344495,42.832943366290664,41.89498167149147,41.82594491650353,41.768718209899816,41.71475028146663,42.008400127527715,42.271575752269484,42.64493914530701,42.81551012763849
33,42.359443839293384,42.711457705336834,41.74140083432476,43.61409960508222,44.52722702609203,45.47582763552641,46.004537530244505,45.98986314774788,45.88650892395166,45.702253867239435,45.57992667551091,45.49464582146639,45.39308573193738,45.393090029157676,45.39882476349618,45.64061423898175,45.93241097303085,46.25734447818828,46.54142330119696,46.61136375985662,46.51979349415202,46.30766336951291,46.195498342175085,46.27876002671094,46.343142071839296,46.385450164488866,46.66866693519619,46.97923116333873,47.277278797658965,47.367588890623274,47.50751778178435,47.56011019598584,47.59164051916971,47.45752262992078,47.2012033573863,47.18211065051693,47.00078697443143,46.7440633737744,46.43472773088708,46.18632408740966,46.05510883223772,45.83038505006012,45.517421263727215,45.427544230613094,45.50417853594365,45.44971143448475,45.44305604738888
34,41.12017403378914,41.6850008205213,42.95903850363469,43.58418927176791,43.46029772977968,43.15458692484265,43.16663437315447,42.7848019846571,42.44016707346734,42.35996556393873,42.396437844540436,42.53074510248673,42.79731557816751,42.97919653238657,43.372436925070105,44.25015628386608,45.01310842835112,45.33787204382926,45.19387225484871,44.861237511548524,44.98792490561158,45.271154440297174,45.39902232423418,45.37899496446369,45.44874772797818,45.910950316117905,46.408810634690056,47.05246464038433,47.35141864008541,47.45005530381373,47.36562263415219,47.09678585748352,46.13495066221927,44.69550489640364,43.301342892169835,42.90615991058175,42.80431255349548,43.61789442277836,44.8633592562218,45.88763383827976,46.53129583152408,46.87891874667052,46.388064746429144,45.19987844235242,43.464402850774725,42.15683121148149,41.51450410723607
35,43.19382249867244,43.74199078364504,43.126192877988366,44.14405169007133,44.77297351852918,45.23708712202519,45.32271180964756,45.427275395704946,45.596852288729856,45.531826862245886,45.543340043624994,45.39590290411864,45.09101584719933,45.066443838653804,45.33433346638982,45.542062692259115,45.76213007607707,46.18929847154623,46.414430655002235,46.48575846597966,46.578266567452985,46.642702482947776,46.809041353259595,47.0238177393945,47.2010630695192,47.564290656242875,48.13984479465498,48.448758082867116,48.65307918180695,48.856071080059934,48.75939753692593,48.229999906445975,47.26331146685538,46.36275065952285,45.883903954313816,45.63650470754728,45.437249112837506,45.215593479774846,45.14669330217349,45.38808928367215,45.468461273227184,45.65346450357638,45.963175055597745,46.05026379112628,45.77384948241601,45.54002881011192,45.240144761965546
36,42.44564947294871,42.532445267187235,42.72770228514202,42.96699893916823,43.13807970223193,43.33590277469251,43.35901099455015,43.29028701866129,43.337004539980384,43.42503216749452,43.67483943540088,44.00178733018289,44.30349258663003,44.634237834361635,44.909271335313704,45.085587633004664,45.15017253323893,45.30207041708588,45.359005964368706,45.35754760641984,45.26674028788775,45.125385489686884,44.632934753646374,44.22169006618342,43.98035057324315,43.87951333156743,44.04346345147196,44.47237726376724,44.939086386886515,45.36060993351464,45.55110002947915,45.61393218640028,45.82996004534054,46.134089025121995,46.218816059162826,46.21873640922103,46.11641318897537,45.56451604934036,44.60924060943588,43.81514918454325,43.26002059786901,42.81340685068219,42.55712327252118,42.421676470022646,42.35196073346739,42.49960915676472,42.653869630911586
37,43.81936694750675,44.024969394067,44.304669334069644,44.600313695781786,44.81414258613147,45.02015799727982,45.21770441779661,45.33445593400414,45.370042043244716,45.3647391674171,45.366424701865185,45.28621532237126,45.31221797946826,45.38812954101056,45.420194719187705,45.35413351482027,45.24484744508833,45.142882415115714,45.00573395726064,44.768647396798094,44.439101906828874,44.27002293663349,44.2781683286137,44.34654453815497,44.46808077402678,44.48274570859946,44.50323300433903,44.63609216067071,44.66446318237885,44.64717504077454,44.56946893121024,44.48939010223996,44.39219890604095,44.3980831297974,44.422753344888086,44.416703368075154,44.35494253887228,44.22408972446211,44.06909308964867,43.83209243212772,43.58418298714231,43.42388161712695,43.42338363667877,43.42932397410907,43.451609256189606,43.54128125465233,43.53132687250775
38,44.03820268292769,44.17226045674139,44.33782855118445,44.52769406669563,44.683302024608636,44.88460715268694,45.028874500468746,45.12285846136843,45.14028347267571,45.06363538129839,45.04178466550346,45.10546443986154,45.099929111623005,45.15212013165605,45.12039927596748,44.96638573258618,44.797099834400555,44.59254699653505,44.40981750423527,44.30414891855115,44.24742092937632,44.19345616508733,44.16629818691832,44.19419885802897,44.3377492814063,44.43602971499286,44.53916596118572,44.814510810159796,45.15441013932157,45.45216799892516,45.618194020297096,45.61922346107657,45.47604388522308,45.253631536962175,44.905431093780265,44.60148961850015,44.34940272072963,43.98132975139839,43.66180844440069,43.302524731311266,43.059614829311535,42.867466851396955,42.658581794771706,42.5168572782235,42.37441261804471,42.27896657254168,42.42690351656191
39,42.9426381272629,43.69471618089602,43.128141189414755,45.48936237121366,46.05764723106119,46.69596581544561,47.05765094885984,47.285068793549556,47.304685788415355,47.25616781637269,47.222812176270395,47.15182009419877,46.95988841684309,46.89899228887253,46.57887077496583,46.218548823021806,46.26243564593259,46.3883305616949,46.3695138795259,46.37953626502858,46.18294362926542,45.94269048276889,46.084592633570175,46.27459570346491,46.716781291816275,47.07229873734517,47.09880467778488,46.724487874702554,46.45482706540608,46.08429721513062,45.63279860695758,45.12148916350588,44.374061683509346,43.84646005020186,43.29454696778289,42.67135701053403,42.50069176302566,42.534413975085236,43.034681884498504,43.296852102992645,43.692801622541246,44.070816945897384,44.51001073578594,44.69918547678063,44.48026170975698,44.52784912940473,44.030466354369864
40,43.49986469074587,43.430186358280395,43.651412554379135,44.18060398082408,44.79242679794964,45.46395285693616,46.20261257484638,46.72803332633643,47.15842772643694,47.27038156833651,47.57489289535678,47.71396877955905,47.665470463696174,47.42945949254574,47.017536895249904,46.4252631093082,45.98584721213187,45.817843290535535,45.46341651412713,44.96250595196368,44.715446902354365,44.59621242817699,44.94712054852852,45.16512564330879,45.371590886128956,45.689143559145236,45.733658828689805,45.699106417575095,45.55216396776495,45.64279257953662,45.26566950899552,44.886565723123844,44.62633181811379,44.42058266727065,44.381502194370874,43.97628856653896,43.584349817424155,43.45942702506399,43.60292336662495,44.226465800557584,44.75952138738979,45.39635096116408,45.893990733713736,46.390449332107536,46.653206274807424,46.92254365061544,47.316853926054975
41,42.88493360195013,43.145141137533365,43.472066970958906,44.136496532558226,44.73216771013141,45.21222050728236,45.52026052751427,45.65805934141311,45.56211801175939,45.44218453631555,45.32774926903458,45.19652351421049,45.067155139431286,44.995767395713365,45.05883560299483,44.866320006022995,44.708394911113864,44.63987071842929,44.73227443640742,44.6609822677166,44.648812109602304,44.738339555613386,44.86195995431959,45.01995991002985,45.16987556657402,45.20492080519598,45.21411224986175,45.391545383892016,45.47733994455989,45.634360738967544,45.67784662570616,45.73400179254926,45.57259580743044,45.230485023387466,44.84331384245465,44.55593441659133,44.47224877403372,44.49908494653083,44.63393821701257,44.724717568389956,44.69744031024472,44.488468586383775,44.48657354867738,44.48648553457697,44.31195634425589,44.609069238264034,44.85728677115562
42,42.46040651402875,42.73336542996436,43.52897802865393,43.644317595135774,43.64241426187835,43.163958573094,43.17340866438637,43.39375205689588,43.463447665067335,43.5428752772674,44.06681976142492,44.83983239176724,45.31317384617684,45.64206256949759,45.925272310726974,46.18169365545212,46.428153354233494,46.98629826619678,47.197329376805904,47.485330831345635,47.50301684829099,47.51992546300948,47.34882880676399,46.85516659484142,46.4242505829349,46.257465216778435,46.13239736868719,45.993116972036475,46.13136438962461,46.84612832883793,47.23453178196638,47.4167661952592,47.263352441051204,46.46776316187861,45.36696637279443,44.77986344132755,43.80762560953976,43.112023167242825,42.80508870555493,43.10530289204759,43.935003162894766,44.46615832690309,44.926811293767955,44.96677871330451,44.75311432982471,44.29166483960862,43.57234082757959
43,42.30844166700528,42.35011070594337,42.57498602337798,42.836919096735826,43.1133843909888,43.40297637526958,43.63285126351883,43.838347025697736,43.93187039793152,43.87848603870193,43.85586895128372,43.88721806485581,43.95021938714527,44.08241926889443,44.1421798053634,44.089891908795764,44.15070608912534,44.22445643053425,44.270268921014186,44.35971793108792,44.57873748309994,44.740291499207274,44.840891540041454,44.89245115674786,44.7741776640828,44.6452130244023,44.456459659351076,44.363483086678436,44.352682463591044,44.3645333876826,44.42065185491705,44.499959989383726,44.5367622609206,44.516468170942645,44.61766068673368,44.691960996629405,44.76311700217336,44.87465636621146,44.82729364012078,44.64922485443617,44.420592580396516,44.11911766246011,43.925327364048215,43.862556805844704,43.91691793073573,44.075478662449,44.06730018890126
44,41.535540336877354,43.01001701610932,44.39405507014942,45.443523628889764,46.22426163075313,46.68484480151143,46.90474547292479,46.4930751059927,45.78129381478309,45.17808066230422,44.747495609983,44.496899958050136,44.06359117973441,43.523586737979116,43.33785289500922,43.50845207501178,43.94764765431049,44.0416782036102,44.42485429553685,45.16912585939516,45.9658623835015,46.779617187738026,47.040542530796685,46.90516557021852,46.837869991467166,46.578048102818926,46.37425306059186,46.325897270668555,46.318621598416335,46.822379473043,47.88464795047269,48.68445619502967,49.26029216360743,49.308646330063446,49.02706297575786,48.19414710777244,47.79382373694387,47.22468871915997,46.36200274524877,45.34949522584792,44.271547243816045,43.05233074072216,41.89001055955491,40.96392833964783,39.93454844527531,39.064532064617794,38.80501542104615
45,41.89786641853889,41.68234629731119,41.68053618574588,42.19981571430989,42.49843405601416,43.04259763926828,43.788194812095334,44.545647744453674,45.62472008497002,46.151294243724,46.319258891461295,46.198411229692844,46.19004203860364,46.24332067971303,46.272951299558606,46.21439139607213,46.10293304676578,46.25245785756081,46.44819596767218,46.731517961842634,46.813417542338186,46.52453927309888,46.08067654626363,45.43757802178549,44.514652593948064,43.47910898382105,42.862719542397265,42.50597557307523,42.761729555453506,43.33037690509575,43.667273726936386,43.93921249746178,44.13184490961462,44.75509166946453,45.3101582744695,45.878831921328405,45.76315647821295,45.452649074611,45.190563037641844,45.22260831244862,45.27620319469495,45.00519727794548,44.48697493829536,43.76704203993714,43.293832208189826,42.87113981604493,42.904244536099974
46,42.74315577032068,42.09061498392469,42.23706987205638,42.46380889067444,42.786247183392625,43.099741249832114,43.50836202227516,44.00066750408403,44.591999333727045,45.35780969882402,45.75785650171938,45.90297633507359,45.871882278784305,46.20082838639708,46.34661828025108,46.60761664168004,46.94387331156717,47.05919265221728,46.731796996440195,46.27613186641742,45.947927057799895,45.622674260307136,45.266255786093545,44.964383919765346,44.74892068611964,44.78260338700671,44.81526308992386,44.98548658161004,45.00067630196305,44.79651373943045,44.374889490436814,44.23727586279646,44.2861130253539,44.436718410758644,44.850913380112374,45.30431185806898,45.7192376822156,45.87657327082088,46.016807040466325,45.62940256142945,44.89090189943927,44.00183290491146,43.351712190053206,43.26815392701501,43.668985147056276,44.341808496039086,45.10499607925607
47,44.12778567674248,43.95720433849643,45.449338190008326,45.33892770852141,45.51460367058533,45.59433372158014,45.866751878396556,45.94356308184299,45.887257801776045,45.675364090379006,45.43771788543137,44.94849173931693,44.29066289805115,43.752375590699856,43.46805306750354,43.29752268827772,43.31595051826947,43.16075935915747,43.260511713699685,43.34602587317063,43.43271651071608,43.4887518587536,43.72058229849214,43.92526856480752,44.03319294301334,43.9835019157651,44.21809952268709,44.64805931626604,45.232521160968176,45.454953601220915,45.46667796059674,45.42336989989766,45.42971388587023,45.425658808843544,45.03348693891495,44.48867041579626,43.93034988422106,43.19496706279474,42.519718605680666,42.05891069320627,41.615108840121586,41.096439579969335,40.43470490963104,39.978362203544535,39.753883170683125,40.139215861775284,40.87767652616794
48,45.66532123725552,46.27837993774448,46.170797077233665,45.40995383852597,45.25505840319375,44.67896353295371,43.912066169025714,43.157462373602364,42.57290595953879,42.395631896744895,42.76205224121594,43.84405179811814,44.87113631470219,45.566169289799674,46.474719331945124,46.922542580932785,47.140536018152574,47.25132467891963,47.20420450922649,47.35702594649838,47.62108124899402,47.65645619956443,47.84727734028483,47.737535424761646,47.550023814772025,47.232978830364125,46.989791530780934,46.83690964309306,46.48481720685324,45.997497489017526,46.00044154097211,45.98147210963978,45.98810514699586,46.20896057626895,46.054864879020926,45.710297755322344,45.28437274018447,44.84821427222005,44.38702627318998,43.86767333338216,43.69594694179559,43.95087506618188,44.071953824369174,44.29773410546527,44.992340168342984,46.12413532553821,46.818421279796034
49,45.57561953131983,46.27752521101936,46.624510476567764,46.96908737906064,47.35605833882724,47.707952639996165,47.701707487673616,47.417829169907776,47.06707630791952,46.45609586692099,45.85686830242597,45.30615974371895,44.557855202812135,44.06178375929009,43.66748778561392,43.39762480977813,43.232541737502544,43.236154349041556,43.64323671031114,44.28091769351704,44.80803032833153,45.446191814426314,46.0990322933881,46.71114102304723,47.24619724622264,47.46144765276521,47.35880255145692,47.21070560685041,46.90038412345258,46.351726057511755,45.64989290386079,44.873792383709905,44.05473509577509,43.35360132800331,42.737265301754746,42.39380781920731,42.3445600440737,42.63732894202727,42.99732294570577,43.38048379462679,43.85509089828447,44.08657482801348,44.00132775870833,43.80744767220892,43.66931278394721,43.664512908466776,43.576166902292556
50,43.81492566733488,43.84725797095848,43.78733578652874,43.751267854943,43.83202137669647,44.15849828649203,45.01760210519926,45.9618057549213,46.75568606943502,47.214106557319596,47.86421468865192,48.1091693437155,48.01283503162711,47.52969426768065,46.91797545566788,46.53504993138795,46.738558631729525,46.67939853801313,46.446588662854055,45.87948595322999,45.878982498012086,45.66036791995708,45.45450804341523,44.62307667081762,44.09109259067063,44.044620259197465,44.078644536914744,44.20024029918872,44.440143946289744,44.27348377436991,44.43311606124145,44.84605171006982,44.77804297368469,44.049503042628615,43.59111389512342,43.5489871693262,43.5817754104854,43.865338157107615,43.560475541083775,42.93221603973661,42.84257765420237,43.49558572853003,44.07424745125514,44.75154715255486,45.84065671269817,46.24232521584714,46.86246745671082
51,43.87043892118994,43.69295678745966,43.674528074895015,43.7075898599991,44.00259094619824,44.15214871950432,43.98939205844273,44.36591990797663,44.53976235891918,44.759427217953906,44.85295194604395,44.92598680518907,45.2660765799498,45.61184974564223,46.27025820048256,47.384692488830844,48.23604771229447,48.95414350945874,48.825572757213386,48.43801204771191,47.87958146127417,47.33175961224766,46.16016410954948,45.115085185197685,44.77810071935833,45.283011234788454,46.39956304490221,47.67396755698507,48.491267441514054,48.99819029795063,49.16043570738722,48.29943339902565,46.676076322942116,45.103900798242755,43.48281529400223,42.56984056777095,42.227608719793444,42.2617993701948,42.814420632099456,43.17871287222549,43.361587577136206,43.04724220636352,42.86437220919402,42.31647811963458,41.57474789894094,40.67819648506755,43.85579777097431
52,39.617294980713446,40.5542186122652,41.22757525921068,42.18975024918773,43.22195283730519,44.23391622417346,44.49271605532887,44.31419723000006,44.15314796691139,44.41200656669467,44.50843588096955,44.585210539218146,45.05706980247007,46.134841540369706,46.918605049949456,47.19484811232924,47.75546711419868,47.297146472981666,46.335999926469995,44.99381299410633,43.79222493846662,43.57753578494894,44.132289958622415,44.17554120180065,45.416345911255966,46.28302272456164,46.775732764549566,46.71028533757518,46.428431100040136,46.2353215331042,45.83647839174967,45.47979990596141,45.09887017119165,45.32285361970543,45.37554193871373,44.87150963493726,43.52851830197171,42.32876301113724,41.521003879554385,40.79533834129611,40.5240063096446,40.97777895573251,42.17693254334206,44.13437322120319,44.98681285651471,44.91796375584851,45.112797333751296
53,43.4961778671168,44.248234027526195,44.41105544182808,44.3410249828796,44.13463790681175,44.01724971904789,43.77717031754259,43.52541803322426,43.42157267335024,43.37065910793638,43.46942522629418,43.633309778877084,43.76414062542494,43.92029582000879,44.22768041631499,44.410543916926756,44.54883824291086,44.673122617761095,44.633668005877155,44.70073776116193,44.68177225726769,44.52571663457216,44.15303410744924,44.04292470328707,44.007278879216784,43.99026396473916,43.823291834143475,43.65797258042983,43.32256309309768,42.877074324081356,42.49766984945373,42.30609470771715,42.28924226622618,42.56826980919156,42.79769496337453,42.916749123447644,42.798954034991546,42.75783930847148,43.17607229377903,43.88076158389235,44.51926483374614,45.08541409828791,45.55278656651561,45.73767366153112,45.757658937256636,45.6848528914214,45.473360751646716
54,42.78497365147528,42.968006414434385,42.91810368830791,42.8409654142126,42.878280257393214,43.195831624176904,43.76335586150677,44.23859593209241,44.478892879272244,44.46514030266493,44.44137337738307,44.31296409198634,43.83870641280025,43.344133555563786,43.22828780716149,43.024619407757164,43.70449924732493,44.81632228958781,45.624187351682714,45.7085358892221,45.692900954227326,45.4208967656793,44.90259001803631,44.17235897583306,43.2470761456023,42.00730359793323,40.54860775441466,39.79969267521008,39.77881749243462,39.68036061432972,39.963345567509585,40.3081246022319,41.11320679418116,41.63987635841087,41.962327362416104,42.65783893811822,43.01581905949088,43.07109241052291,43.13379291397308,43.21148542144637,43.34526618571309,43.31514988036351,43.76850172070868,44.18886719061407,43.72785741979834,43.95492073448841,44.28863302521892
55,40.625632634103674,41.89810021673336,43.03545955430119,43.59005103250433,44.285165386035395,44.67303499344432,45.01914625359604,45.354776130216585,46.26988608818735,47.03343912833734,47.23826117842326,47.032551713897256,46.59097593436518,46.00848439744031,45.62823195982792,45.95074643208525,46.5140996150553,47.62980268753107,45.81314406108817,46.69793774654319,45.90529032312809,45.061787137705686,43.82896086863132,43.555460151788374,44.48225698934944,45.66586983716621,46.78427474985916,47.554366801858286,47.78086078334558,47.80453511531772,47.85330173866137,47.25171033963805,46.44501294354699,45.87034462749457,45.50471011140428,44.784893998732024,44.05000333575867,43.51082343495827,43.14436022656398,43.40169102601136,43.06852565707794,41.47090891349499,39.79722275281648,37.787118028840055,36.28347577695081,35.99691494693015,35.936911960991594
56,42.65937334916043,43.66357910926086,44.870634821308116,45.82334476384846,46.27102257842433,46.5532390554789,46.70033734223485,46.94459330884641,46.93898229975324,46.86542505856735,46.8646110659448,46.85378958165552,46.721605286016754,46.72096173860202,46.83604736974605,46.7165222376084,46.12747887472721,45.32623294064762,45.19267715894572,44.77405834225655,43.824512902830335,42.81240419807277,42.32725460165165,42.20336957442251,42.186994295328084,42.23709863084544,42.564914441628424,44.01422488183698,45.78097988113708,46.79600085829027,47.459992916936926,47.67495173872482,47.20705477117379,46.846999023630445,46.09935115067216,45.62262879386974,45.77094165429045,46.429218973559635,47.49022518692502,48.78587136357526,49.11695817173419,48.33963161384794,47.382038354008294,46.06157002499722,45.3307858669959,44.68705647268611,44.28286182760419
57,44.6939727562195,44.7250260418529,44.74499715925424,44.8339372013448,44.919777949225285,44.99217573546208,45.033245039689994,45.0873285157155,45.05311104565536,44.88908437577789,44.78049400360788,44.7318526812094,44.804000752571575,45.03359474431917,45.228227060441704,45.456683864422224,45.72268992011963,45.99149459608208,46.28739337955735,46.46332798270855,46.420417071867725,46.29333552376462,46.23286386352021,46.28682124776234,46.248042655898615,46.11651956847635,45.90299759469707,45.705208280367266,45.50994257801291,45.23744745214111,44.98621224353256,44.829502723052464,44.72414686460994,44.70101561799837,44.651071067788656,44.64065269368087,44.595385348939494,44.618601866421905,44.66689423872943,44.64254966554906,44.45561006267893,44.30085646884607,44.355921203253686,44.39246766861772,44.26886762907139,44.12375673753653,43.853629929842796
58,43.930280161885186,43.98858088036953,44.21053322289636,44.4689221752046,44.74934146968011,44.91461444447741,45.06391918651257,45.408272794520784,45.744870687365946,46.24635131844196,46.253793635830036,45.981045978557646,45.70772389910643,45.34797182428521,45.03333478092262,44.990220594455096,44.856907893634144,44.72203000746025,44.51957804098591,44.2130206335744,44.007301820410014,43.98744469098969,44.009116512476425,43.810526305894925,43.71347512876367,43.81661847862395,43.977056360300175,44.27261360492342,44.69514354573146,45.2828819851489,45.78242734380007,46.03786211373658,46.230510238625676,46.46252582495402,46.636358358970035,46.59725595710811,46.498079650888585,46.25271327306572,46.148045410463816,46.15264028173462,46.14288899515732,46.21729844708757,46.10237044144652,45.85767507142562,45.66626475181827,45.25968719764532,44.92847406426811
59,43.1966907718111,43.5447391932438,43.879063946929065,44.396918453532216,44.891055208000026,45.19617099651495,45.47370366311165,45.34853008602847,44.844400281450355,44.31631438381609,44.0373352948136,43.88815738605672,43.61525443343158,43.45231328831935,43.56690173832221,43.656182884681726,43.73325999426372,43.98950608367724,44.33225846434876,44.566886636902346,44.83139254825695,45.03140167032055,45.147023152562205,45.26545343784503,45.39442656611536,45.402255761755015,45.08976366344114,44.8968505505441,44.79437932211884,44.682867682339065,44.780734014855334,44.71928427271104,44.555615934261624,44.24664756654513,43.97144680377252,43.53023931131741,43.280172597125414,43.17354687214634,42.7956934339151,42.204014777769274,41.64114192324138,41.52074152517556,41.72606462138783,41.903458153496004,42.302490534315545,42.62840178680924,42.910704416355074
60,43.92598077264769,44.56573069359096,44.95228943410576,44.585633574989544,44.172068441644626,43.46946235788129,43.08508201729494,43.59210180086422,44.92897045260436,46.17292966855529,47.36069021421742,48.10677640263453,48.636205889118436,48.340992658690276,47.556210132818066,47.466765422799696,48.12721757591474,48.61996575730478,48.526278582092345,48.63414410863428,48.97488581473179,48.847646719015124,47.585690738143114,47.03771923179662,46.472661278069936,45.58194142975419,43.98130298077585,42.294627174640226,41.71190283420661,42.464390329704,42.67386765138816,42.83423055338291,43.30969356739896,43.91855032404271,44.535202540896115,44.456842315592716,44.1624400846491,44.680890794468226,44.73134936136944,44.10013840768685,44.066951616224436,44.10502532154377,44.218399221433046,43.596386212761054,43.235886447409406,42.92232668795806,41.89973043620507
61,46.9400209284217,44.419110056979285,44.4515312213298,44.57327779451268,44.20959559332696,43.78893301632744,43.62980435114992,43.531353119325885,43.41931646895104,43.450627766624805,43.553674285186915,43.78057873953683,43.97683100176598,43.95452876935272,43.93723232605786,43.56956772594757,43.3159876445869,43.3236873634256,43.17015268588296,42.78856131575665,42.312103623965235,41.92776187875571,41.85197145212888,42.035458798966005,42.59016034478718,42.811384934939035,42.968708695267956,42.94140065433921,43.02382672903348,43.136709172237914,43.366879349601994,43.95028102341358,44.48752332085796,45.054530555400156,45.13416935188894,44.902284731810965,44.47674063046464,43.79967916822172,42.661021496284384,41.23308960410664,39.3996036172409,37.65408414133179,36.45250181469053,35.53600768051412,35.23559895577864,35.65685240953901,36.18412827427538
62,43.80940241205081,43.16355633872708,41.96893997157305,41.07257153907972,40.702790679647414,40.8497373125142,41.021175299112386,41.33271738337081,41.825771008145736,42.97409068679531,43.696504158116774,43.79565376188736,44.21195552383954,44.90901671182974,45.76081406041368,46.49809746732283,46.90129687628564,47.017967632679486,46.57965446535609,46.10006802555641,45.778275699115696,45.95181842451444,46.34640006078231,46.675190999110335,46.546075631447486,45.93342971243962,44.97400599133013,43.38757118288881,41.88910019122468,40.41637120242976,40.217319171777476,40.220904006469404,39.98941544491623,39.538684699079894,39.37031706893342,39.38796082366008,38.84394471681201,38.94318875503318,38.90062978681374,39.28510518353029,40.055578040353346,40.94794111606946,42.11511102937965,43.42985007584457,44.294209882807245,43.61479059178758,43.40624014376536
63,43.49117635004751,43.84753153927822,44.321681163572414,44.24832287423908,44.44441492733365,44.43033837788595,43.797552867468056,43.32860133846151,42.847313393106184,42.610294198883366,42.828896411444326,43.58115625385168,44.254537713428135,45.24841506938985,46.26553008965663,46.36249275573212,46.1012655833556,45.55644736121756,45.29291103131364,45.10454966583191,45.04946541907303,45.4137750438197,45.98460704143194,46.955464619549225,47.907109323554536,48.047908542149365,47.439694794754395,46.921930788716196,46.70013643133173,46.38972348298195,46.24106996123143,45.86017888823871,45.3627567066576,44.9813452128989,44.12744704348109,43.01694578798522,42.13629863030931,42.01145661989934,41.80667404600271,42.408372757873565,42.660765760121386,42.4827402974122,42.37509316717889,42.31585194304543,42.18949912989573,41.66652363480021,41.78754390285536
64,41.00262497539824,42.207290717114915,42.79405717339451,43.3394280167659,43.95811169256859,44.48205569184225,45.08956111689153,45.34167246001657,45.579060246784564,45.61618605997153,46.05700449276699,46.49887406096141,46.10712725486023,45.68824884204712,45.38812678009669,45.196514785241035,45.070783009611446,45.33008095264722,45.4684911978423,45.444600497432795,45.78152458666279,46.05067003190041,46.03590351326984,45.922785230790495,45.54261107093376,44.38094455670144,43.04558874929404,42.362234692352885,41.81457954709407,41.55651575722867,41.317472975671436,41.487825334502695,42.18570554466328,42.99538962107376,43.636902734743884,44.34996837750669,44.54132650713452,44.68741220481967,44.02719664445836,42.93421719760559,41.799109246114426,41.604238551959135,42.21020789718552,42.83616944064054,43.17766159798388,44.23662558496091,45.30398781982516
65,38.97750343573951,40.37408476315125,41.67982621644439,42.87357752907005,43.81089904718782,44.42813819965287,44.712132597675854,44.77111207379659,44.66203244869017,44.5084426916845,44.46345378642363,44.60392767160167,44.83772348110726,45.02138174332951,44.82448263541631,45.10979561196014,45.65319219869288,46.1305163910356,46.428144311111886,46.682432616950294,47.035310210021954,47.557519037784665,47.60900778497247,47.037749244890044,46.28553203859364,45.8834043510039,45.356542121844264,44.577017712798195,43.86258726175022,43.75883972977723,43.89245492341643,44.503290435579416,44.693272308023786,44.72456655454833,44.794140762483195,44.6372338324005,43.96911660855829,44.140326210050915,45.05984394397912,45.76535770319194,46.0463441550481,45.79887778286679,45.762818316334666,45.680386057655106,45.79778498231833,45.080674569363175,45.445140315624954
66,42.18338033441663,42.97477406679878,43.939884494794946,44.80602364047087,45.7456176907116,46.38465782125809,47.12437085486805,47.84511500623846,47.93211212632808,47.84164103501929,47.06358492965978,45.56190280369196,44.51709963858547,44.06254179327688,43.910595523599916,44.17505815307638,45.04491540951962,46.02147188838397,47.12094216213973,47.94280294089926,47.690245814529,46.97746230785052,45.97576179813207,45.08034991750942,44.495252949084126,44.0798663956848,44.17199030014431,44.09017176204346,44.326114449212895,44.35847297282077,44.21403431096043,43.77801645514705,43.27120992379518,43.18224789985123,43.98008869239903,45.12479769435757,45.93068402203914,46.256954979611564,46.34957584190552,46.5977754365395,46.54447987315132,46.6067280725661,46.80162649362762,47.09196229402123,46.859805151380954,46.44913957966,45.974395705744385
67,43.71606599795706,44.3110739209631,43.75521885550943,44.30448470407937,44.722055058780974,45.161135335149524,45.47842906939178,45.45883148031479,45.551497671592,45.7799883219717,45.98327331132855,46.171451730907435,45.90515761663972,45.625602418615074,45.71608483666164,45.94270076226975,46.38848333603555,46.91512091326586,47.16761052292801,47.500163879356506,47.655141648769536,47.63182462107981,46.81244260414086,45.863794192412215,45.266752259703594,45.072228901018434,45.05545168836019,45.29577929335478,45.42663954952429,45.39678677605832,45.66545606905007,45.77250562716954,45.39605508412996,44.8411526621342,44.322864748459835,43.63279387065091,43.070800169764624,42.596788153340505,42.65991168117504,42.950630917131,43.36475049006017,43.90256790927385,44.41892833015867,44.47304833949855,44.23007268719727,43.406149810118414,42.234621759087105
68,40.77766733524247,41.17275076394864,41.70866923353036,42.345501959920924,42.58605503528145,42.57886090676608,42.93451129833062,43.08366799720704,43.444290068825,43.750356253067636,44.269622337856994,44.925698635900055,45.18429217387075,45.403761115694344,45.34985298798648,44.89104466211639,44.832341841257325,45.069650295555036,45.64490529739531,46.033501179358254,46.213901608401585,46.740215403755364,46.66427356820937,46.360389314193974,46.206422475401915,45.810916920288236,45.114613063931756,44.24836510614323,43.556760549134715,42.864079158572245,42.56113883668026,42.70175976350417,42.881995415267475,42.851779412692615,43.32260644068759,44.2283029016162,45.12219448629846,45.570691679953164,46.02483552426416,46.64257476431121,46.865107262708946,46.824657263026765,46.195544409044295,45.190140765696064,44.52493881456231,44.491507656423245,44.70257581163487
69,43.247466940823486,43.2093069496653,44.90593063933399,45.067433989745595,45.49778008306881,45.73168684763713,45.61150908424249,45.4150187303926,45.35664943227268,45.091932060826295,44.9774835839107,44.723474424820395,44.26390398007449,44.14940680820096,44.23011811904577,44.03699168140358,43.914712307121896,43.77580345739931,43.604556676201234,43.58205562490387,43.474726510152514,43.52429145913591,43.897492034420964,43.98800193468762,43.93782942109767,44.127871164619854,44.49979900230101,44.6558220875133,45.00721780484501,45.25046583280842,45.47672079614167,45.774612204280295,45.881326719690286,45.904907437248404,46.044764948736635,45.8736734612739,45.66774471044532,45.41473227813908,45.26141566336417,44.83693836018274,44.85574480361769,45.12973260135826,45.40930763105147,45.64872650534003,45.60172382328826,45.41055323758381,45.41363172656963
70,58.94097041124233,45.47276821511748,45.50293958680889,44.66605977683944,44.20445542442637,44.04094029374791,44.30299304812637,44.83391879385704,44.84556341379271,44.70667216270134,45.1811626312751,45.33794138847063,45.3133260686792,45.46459606122143,46.04687507996738,47.128944997379676,48.711782542549656,49.19377429822291,50.41608590757856,49.499288465177884,48.902224240199075,48.030179083487766,46.833703928131975,45.397142192677784,43.974583322322154,42.722965344932454,40.97143993462713,39.70193203904163,39.7412519266789,40.32595688859461,41.32431039867844,42.5117794836545,43.460309020150284,44.162976112412345,44.85243708346301,44.43329410967653,43.689036174228804,42.86102907160694,41.69173355006248,40.57170065214724,39.62716364969098,38.82460251577949,38.60349330399332,38.830282835167615,39.43634031080427,40.37080714704893,41.37761926148314
71,44.90687523224332,45.100271453795756,45.40410015004489,45.681829304973846,45.91276445353745,45.80757864429789,45.631575755802714,45.34994411772074,44.864810206873756,44.66613694885423,44.6920176569921,44.93022765754242,45.3252001278311,45.48270041947836,45.55676714707551,45.5456986256912,45.49304359532584,45.420323320676886,45.03734560212119,44.72672206926367,44.3228983318818,44.067961590665874,43.984370496078604,43.97065023302585,44.00867549308635,44.35371019289651,44.570984278224586,44.650121575165116,44.52612828025791,44.35671239825805,44.48750568953697,44.45410951583467,44.560721322012135,44.65413212264629,45.01086277208311,45.60626867717134,45.859881869877896,46.12118483936868,46.36885916535934,46.391141077309896,46.12145778963988,45.62835784716097,45.01479912771621,44.762212265286635,44.319886227747915,43.61730847595636,43.04194767738528
72,44.04693342206198,44.45779782992223,44.467640373663976,44.464081355025556,44.49798424013514,44.6951334764213,45.05284275171573,45.39302518567618,45.75105848519025,45.85284062293913,45.92537942530549,46.1812757306124,46.38691530125856,46.43002224146488,46.593637700979926,46.73424759187191,46.908039685699364,46.995543176965796,46.85490393993965,46.61061412886433,46.53172867164354,46.59546263821307,46.78732592471995,46.664291963803635,46.45724357118659,46.469593329543486,46.513107136873884,46.54337935904846,46.75193163188524,46.8941850286839,47.033789485841304,46.930734593485816,46.541547864078694,46.04049625218356,45.54918696978854,45.12063166281891,44.80996772390779,44.115009285839,43.28127994859106,42.588409185717694,42.18943926552948,41.95560095216587,41.83767706480886,41.63161731385392,41.358661733945034,40.796908135187316,40.28864337742739
73,46.15244993124183,45.92748571554749,50.74308143612364,45.44384188197044,45.367839641424354,45.11930757347453,44.84584013248029,44.62976034579886,44.3709788613073,44.52944795084575,44.775952209206835,44.82079653173397,44.72265582191386,44.506144150805575,44.06368631273941,43.89673277850089,43.724761199713974,43.45165710118933,42.946598846505324,42.588082884915536,42.34940195435825,42.49504993770053,43.08345934048107,43.90061981564844,44.83538087831955,45.30803450929549,45.35898950081839,45.49198933500298,45.808826745076594,46.14878262423332,45.7744411159137,45.22887946665402,44.442255314757425,43.82518240964965,43.66259384723016,43.80306603712176,43.91821493653404,43.241653633768614,42.31881103110612,41.515884593677995,41.09165355208746,40.837220171859336,40.82437898183876,41.17950905322147,41.637791494171914,42.39130260835283,43.243650659577064
74,43.915950750208665,44.00725316789601,43.9766817394933,44.03879407193582,44.39233985787869,45.174677274349655,46.019128594494276,46.45610867530906,46.7914980632993,46.87307603601143,46.973185630670805,47.06937578893288,47.17065742784049,46.64001185199548,45.67493529018247,44.92768402759079,44.58346237651091,45.15417677590776,45.86238876766044,46.51170555456596,46.82656166596319,46.65559706402625,46.50319082287325,46.161907466458345,45.82477263514044,45.26979286455445,44.463595395169115,43.71864916111595,43.28773000064614,43.161584635094634,43.22912722979977,43.29565320260399,43.33188838595487,43.25524819371275,43.655854955425,44.131550069735525,44.40792380199784,44.590359321205966,44.492250585188856,44.171833206353476,43.78284589601313,43.47381817468803,43.237992210535985,42.832202570162764,42.630270634187305,42.68079872271527,43.21123126180262
75,42.39358753712937,43.151793555900326,43.79622945953376,44.570432953953194,45.59405706430885,46.12039040520689,46.323995377247776,46.3298660897124,46.19809444251051,45.8718247847863,46.07088556967386,46.07563068439269,46.00876087138797,45.818828918870395,45.49694284506723,45.49372035983678,45.65347748655961,45.86236422830851,45.76014483484305,45.63865541299793,45.55586784315642,45.85548802302812,45.90175954308104,45.73826726464119,45.68188997599237,45.37088712380609,45.092806341535194,44.69520630113205,44.55736541572351,44.82834689433238,45.24974133731799,45.76422069694255,45.42462721079683,44.521679166853126,42.9391373167517,41.8781603989835,40.64476160273353,39.534609659744675,38.80119672773033,38.587268695598134,39.71361755610688,40.614730468775704,41.213837871810135,41.715948458716234,42.3511983114274,42.86845698123017,43.14568708648402
76,44.78083694627086,39.172759912170136,44.26855496572507,44.878731202058,45.08146495693596,45.04802995352179,45.05346335549448,45.13101266123712,45.348908010373314,45.728774213891946,45.88654659217245,45.77002192588747,45.65670803637596,45.588756479423544,45.72506571858604,45.898475647718044,46.01954375069824,46.308471331870564,45.98098020513372,45.93453925743235,45.916850639189455,45.83573927586874,45.543302134679635,45.29127894904491,45.01462794156937,44.79380752147154,44.43808311590407,44.24784706417302,44.189958423665544,43.902534725109746,43.50769303086905,43.19885748028434,43.04170207920456,43.1292941250991,43.29917552083337,43.64555566425982,43.59335280053907,43.35825905914963,43.434260649429305,43.3064984432732,43.47821385056628,44.05378155698676,44.302944175494254,44.469954352005345,44.95136067134557,45.40172753654489,45.63624516691118
77,44.96384877131954,42.776077035316916,44.120567181383564,44.48340886079025,44.668931108473984,44.66722136684552,44.560252130011044,44.595448753544275,44.61235226923179,44.69532124516535,44.630116837606906,44.66899418034346,44.62148035739357,44.55410968791295,44.40386762921664,44.5069641763537,44.659855325067944,44.69865852760701,44.80033943079376,44.713937167605565,44.496454562270934,44.507093434094834,44.60359730385953,44.723504657445204,44.83319129262702,44.79408346528502,44.59887466848733,44.40341789901925,44.136369453687635,43.85996615706937,43.74473441123736,43.948491547244714,44.22563617221413,44.62352666469268,44.97420464455631,45.33958473818407,45.70231524174757,45.83380621766337,46.022769193008735,46.10007498856476,46.10895899236404,46.092212267919905,46.093538646725634,46.042663645009064,45.79106619476804,45.1130048480716,44.48809978660304
78,42.9501108675499,43.364582042625045,43.88504645458796,44.38851631460895,44.933048798927665,45.427042467034674,45.88735302410672,46.125267771168005,46.24979431729476,46.326123053823814,46.36496716484501,46.25765776418122,45.92997894719706,45.64068020857328,45.374079800299086,45.292748261685276,45.284962036100794,45.301229293702875,45.45738863786298,45.62786699142512,45.75946479475662,45.93593191594602,46.169388911037544,46.33453444635983,46.611396774436116,46.961506873715294,47.177478566564005,47.17467664900887,46.989255680857845,46.68523266446978,46.16204404373835,45.72510959753873,45.27905810946225,44.90738241380724,44.61810784747748,44.39656583201251,44.32592088931666,44.38433461655336,44.77937540730261,45.31351326222901,45.670879857664765,45.899289249082905,46.00021371100243,45.912641894422286,45.783539783296284,45.41295460322999,44.93294950431242
79,42.95874985921307,43.018718281977264,42.9850893100115,42.87019342153492,42.85448321940716,43.011107985062516,43.23169512233319,43.44501042463377,43.47095649052425,43.55652383069422,43.916032269110644,44.40629801928815,44.855985102628004,45.42307942722246,46.1870358842581,46.78594613806599,47.08687205318511,46.99054590132639,46.92809519270329,46.78377224895707,46.59324800275255,46.14794587588174,45.60777608801096,45.191381465156475,44.99923725433971,44.84886006175904,44.86827664794113,45.09002430644475,45.34533771361069,45.69389360739677,45.69243666269887,45.51187434101609,45.3365858009977,45.52099588106738,45.2133007203032,44.44987215586212,44.0507055991722,43.78952785571236,43.4901578111414,43.265805473295096,43.30485675628061,43.66914210692855,44.11589861470362,44.50328323657009,44.72504624195444,44.79185391987886,45.16020010632557
80,44.6458887276885,44.91941648550905,45.412802178838206,46.00165226003904,46.3180636298957,46.6499773433105,46.55057561991948,46.271657331119854,45.845242023367454,45.63648305953764,45.2663280157999,45.20593019208253,45.496233884510076,45.85354904401999,45.30960462827311,44.498585880287315,43.57251554324525,42.98899991493137,42.82307154183315,43.52395041241738,44.33375500476473,45.143101726444975,45.86178717581875,46.17700405040017,45.221397576975576,43.939178166767476,42.6615766730842,41.79325803021103,41.1567889183639,40.95881385947688,41.04900436797713,41.663176850143344,42.1592878890873,42.25393917485139,41.937067613682636,41.866854715711746,41.57953454548906,41.44958103216541,41.38895528578335,41.79061206215019,42.36809579119834,43.07834502913619,44.08577433628993,45.563156106412954,46.84718190589991,47.54870544592047,47.747698645190624
81,43.52607927720671,43.65408187151869,44.101567318497786,44.63112628103717,45.23363374276721,45.71648462161989,45.858225522782135,46.02831501481921,46.08068919713735,45.804579602383626,45.53782263129635,45.32274641800781,45.07115985718954,44.708922779129054,44.35415701873364,44.03637402549578,43.77329844054808,43.614271457053576,43.61075307228831,43.8261791300553,44.05396252307857,44.24093988541298,44.33530657165458,44.26399926570657,44.194627678965006,44.20589439303901,44.248059660051865,44.3319974649672,44.202715441380725,43.97154588398614,43.573765391540874,43.194075066938126,43.05107316726675,43.30652741627862,43.28368203089795,43.29128958354274,43.322815933237386,43.50814212330464,43.76802349090278,43.95256798520383,44.00691733211984,43.835618824436615,43.53106910200546,43.15532330951485,42.93777667437572,42.719409675190434,42.99872605886545
82,47.7458214679923,44.04850564762335,44.50047773120786,45.026155836980806,45.524698425453494,45.84979056616742,45.983126053670965,46.30820054142657,46.467166406167316,46.4691183895076,46.51655948223197,46.35692472109956,46.17367088712445,45.97303094605949,45.667877572495684,45.38348791549284,45.19969971866856,45.03387503892232,45.028227554533395,44.76710327561587,44.42615985966091,44.068178832110966,43.738454467473325,43.61892751652647,43.372600666042516,43.52413343865803,43.77657973448909,43.79045412057832,43.748269218700784,43.652247997712486,43.61675084857881,43.9834554605366,44.429047406859404,44.71078149726605,44.798120940048435,44.588508730715155,44.38179940166321,44.08491812076826,44.24687713528137,44.02268289199304,43.447524029450484,42.90816944531563,42.4425847420627,42.24053801325161,42.47891004682513,43.09369910818199,43.863826149363426
83,42.114560683086864,41.998360562527715,42.142995160480716,42.35671399869754,42.843749830111136,43.29983693579842,43.81239307166623,44.74857496942064,45.70518947468773,46.890772221547344,47.18387567527603,46.85397732000783,46.35648078962852,45.966067059436476,45.56327106698586,45.767267868803295,45.47646350310784,45.98722934647857,47.05646173330062,47.95634547381328,48.176874873468996,48.276694857272815,47.94251549299313,47.581544378476686,47.12442651787017,46.098576706312734,45.587230053187405,45.58444547505245,45.313237273595846,44.52259973795725,44.306675551413306,44.74858848603287,44.890600479078735,44.869778461087286,44.278049633799164,43.44886351961756,43.00698522386322,42.28649634225216,41.707986784134846,44.40120073099849,44.1140871307106,43.24316934596272,41.81495418493962,39.56170379968565,39.69131066892901,40.00110506682166,40.99103677949233
84,41.61283131132933,41.93000190727357,42.78598922239054,42.95899540371541,43.6854267805526,44.27053082769982,44.50138532886126,44.84515027857253,44.96301604843379,45.08613803046325,44.98321228595204,44.51719986504302,44.083857623649195,43.67639947857131,43.201553505690384,42.75365441389364,42.474769507666196,42.38583419693339,42.49557722837499,42.59559557172221,42.78503991946052,43.05231388908568,43.57803049538698,44.16808633972822,44.91190584757054,45.65323929648547,46.0761206672516,46.64696605903383,47.56963250181514,48.72704870475363,49.48381027694508,49.23485410677191,49.080973698742014,48.74348982123692,48.27910950329921,47.53092762597339,46.366591651917794,45.5118334036914,45.17557984899216,44.87148468803749,44.822262654756784,44.90633772856188,45.146738664825094,45.229532421819876,45.261860923810744,45.33305938181783,45.056760892127116
85,44.13972765818092,43.057234231115864,44.028079998543035,44.91423965665217,45.47594011805876,45.84937819715768,46.10053613250898,46.259161461103936,46.16221818881065,45.964252390402436,45.6847125688448,45.38916639991945,44.977059461322966,44.63586024229067,44.446810243513156,44.23559027997998,44.07630560735866,44.15904852052622,44.572839539703985,45.092661709944,45.24110456943179,45.16936825224725,45.02023351961647,44.70667022690959,44.631271041855804,44.414865309697326,44.13778180120301,43.61701634995441,42.7941920422886,42.76846744750642,43.350225696679026,44.00328744885776,44.473270007227086,45.00164849339452,45.693548250040735,46.14932464548419,46.3665878211249,46.68276160794833,46.891248074162114,46.505737250073096,45.973272093812255,45.75218869777941,45.75738381499825,45.77136761066708,46.17941159690584,47.18352581809811,48.0199855391629
86,42.33099773424572,43.340938096767,44.259617495504166,44.89909126211949,45.03178337213161,45.338293522512835,45.69962105526088,45.92624719670646,46.31006846668238,46.454086389389374,46.40733340852479,46.15240767443352,46.489292359054986,46.68103205774286,46.9646173455764,47.49859157829241,47.56096567681439,47.4991013977981,46.77021397210976,45.47431393972548,44.42630874108093,43.931826423446914,43.40526024130558,42.87113437950604,43.044299581535554,42.90075565668896,43.0646897798961,42.7785225559591,42.42434453748599,42.570290265996675,42.62416956196369,41.972800942674,41.00692101478368,41.017648595072785,41.22519160784056,41.22882190848833,41.21874031819228,41.15861800418618,41.92101064674344,43.01575504147356,44.592297797709065,45.88165914730282,46.66260556757805,47.414264247136416,47.860958287381045,48.076999110684945,47.00342651518217
87,43.013826548860465,43.28379757660351,42.02282472212658,42.881695894497845,43.298766801706755,43.7276024442968,44.082935037828435,44.260451127225046,44.339842517135125,44.266392895761705,44.0591496000425,44.06469901324767,43.933384493830374,44.01178097735085,43.952167883942344,43.985265079219026,44.17559045393848,44.51863261483434,44.798344552220435,45.059816069060204,45.341580861302475,44.9185308101851,44.32663589555663,43.80875751126946,43.349414608509974,42.93909580840165,42.671087183488055,42.71309228198124,42.798445292395385,43.01122968699493,43.44355142043704,44.10377654580296,44.67699205874342,44.83941463374504,45.018741499177466,45.006675039580735,45.020498780586735,44.72977135939283,44.255000230300254,43.92008169897405,43.718963466427645,43.60042479025986,43.68056650925652,43.87869132173574,44.202171697005596,44.46102802589774,44.69555290145001
88,40.27136859977532,41.30924588496897,41.71940308624963,42.40490663980129,43.24558912648667,44.52909291020892,45.48423664669292,46.15724239204701,47.138350529447926,47.95945137111409,47.78652044582343,47.1982979055785,46.75390801487569,46.47893233505395,46.46562332656245,46.89953583978995,48.12947649842401,49.06837641066639,48.61097654574152,48.16485933724401,47.754340843637394,47.45034309960389,47.84437993789609,47.992737535721204,48.43591639530394,48.11866110274355,47.44991233684333,47.136718298846894,46.040188082720896,44.48068845763247,42.79775144189594,53.42853625400358,38.8870955778095,38.42459747296694,37.78106586944286,38.89535868279659,40.642336972089424,42.48925303803206,44.85420206007824,47.67696085224443,49.25909592690077,49.288751160352696,47.894266498141235,46.976646543595784,45.3534176792675,44.297613657277076,44.327638656245746
89,44.13543957012492,43.98417824872355,45.03696095801083,44.276536969272065,43.753955418832064,43.29069861137739,43.42199186074272,43.58144009956989,43.79178220283232,43.99597086211294,44.27735566016774,44.90197474975619,45.556319002609584,45.67978338452387,45.501064357217224,45.26130906978657,45.091902848359425,45.242119812936764,45.35126096916322,45.12774177526191,44.63363107396379,44.22135652750464,44.03070413311774,44.17739057066321,44.30261323714945,44.175983382459506,44.09451221249125,43.730839698531064,43.97189727489542,44.32619945222692,44.579621532262,44.55625793874626,44.35963473099865,44.54763361743405,45.073113331756005,45.68719563069204,45.84023698948601,46.03134324483134,46.19931054884577,46.57132532742379,47.301891630648825,47.9905696973391,48.25062817799936,48.2551816691033,48.03114965601837,47.441454281589515,45.97562452534749
90,42.872130751357254,42.99342146722297,43.063190466013964,43.15649251894799,43.190105590549265,43.1833832077929,43.264582888897756,43.45386212351995,43.56502786154535,43.665307998414995,43.74291470066417,43.82271558299199,43.95696384964853,44.07114747731808,44.12880452027396,44.17230968110874,44.25318048447041,44.38634975279725,44.473858276164755,44.5052908159356,44.52845182337185,44.534429489498116,44.504114845532925,44.26888469849727,43.952768273300904,43.807081451430086,43.83177401990942,43.954958260734294,44.09070243480764,44.28001649636537,44.44256480126385,44.61736643658093,44.6811496055673,44.61195377143632,44.40541692779413,44.19400198873762,44.09113946700752,44.10945426965461,44.1710895838812,44.197927883730124,44.1463525303477,43.95000936344362,43.54923153936568,43.18246114782632,43.026134848516804,42.93577305892018,42.99956658223805
91,43.313373772879814,42.71451872966091,42.45491682958649,42.53807358947704,42.62887754360109,42.766629506757525,42.52211427541779,42.44122686613372,42.79100129265222,43.43693891017275,44.34193354742439,45.33862082054038,46.01713945848365,46.29098526277932,46.442851073455536,46.676645661358734,46.84413919776827,47.11269482144192,46.957914867781824,46.72721887546864,46.502755223881735,46.21407081115792,45.955448389197706,45.729807232976626,45.54046202413088,45.20857260866502,45.234499951170044,45.29643195038619,45.23974373150269,45.56067931178896,45.67492026940528,46.002282712822165,46.162937511884266,45.94035495540256,45.480941738549255,44.773473313135874,44.01838578807431,43.31068701768903,42.90709432681985,42.87557674287992,42.851655941482946,43.31488196924044,43.94924269865683,44.87982066010535,45.9188405274215,47.09724899342618,48.05484693988412
92,43.594781436938796,43.35087168965156,42.23181029161153,42.887005147767596,42.99261689478716,43.02506284610554,43.23717176258507,43.50020087957451,43.79164721564273,44.06225048703943,44.32214818129372,44.07739891260353,43.65187113365306,43.53307074393762,43.70097190074022,43.65182652771615,43.65053809063969,43.869348982302796,44.23775250346658,44.9223529781737,45.29603102755979,45.421508226925255,45.33766675990972,45.114146581030056,44.86777307837743,43.94504868139578,42.679155792462474,41.49018136846587,40.839123771067534,40.684268086528206,40.913228985761315,41.34944044511908,41.93300787972613,42.786290840787956,43.685741396990565,44.62731947440153,44.62512080645379,44.03321904609391,43.508182522930284,43.270537424116874,43.32776572200356,43.34917306231395,43.54047839126855,43.61474155249246,43.601710607293285,43.5605164953288,43.65837633843462
93,43.89230109834921,44.52649607380477,44.68881881209335,44.669643781163636,45.04545077394857,45.072696208521194,44.68413915360316,44.44293358519958,44.8168258660948,44.69703972482294,44.50266737891362,44.53431876838578,44.203585239704324,43.800751947622636,43.333104655184854,43.183738961923616,42.90045726464717,42.6131769071714,42.62656319559,42.98593343733619,43.42792183167328,43.81715848359342,44.19944459472485,44.260242054263514,43.85247925438936,43.44912878065877,43.14518049680829,43.10104157570577,43.544807247765355,44.818518237921694,46.46955417289747,47.68116461068486,48.58205616609732,48.60306998168881,47.43010916380291,46.383569105141966,45.84508895978379,46.02280611861568,46.299543290176864,46.567095298654436,46.86286393828813,47.2711393141621,47.241602485258305,46.89872150615074,46.65674496771055,46.49300070645524,46.70678542640043
94,44.199317227989056,44.204559407748555,44.24566022882834,44.25555885518837,44.20289031483712,44.281235237829634,44.38765243581865,44.62911485454012,44.74916428899766,44.85424338594553,44.97562134266491,45.068738978053496,45.12422956229544,45.265386189742,45.379312999949505,45.44982537903352,45.515753323515,45.576269449934216,45.57922504081427,45.733926122364664,45.673995283826116,45.51947625748056,45.38241468658636,45.2017347509243,45.22275807830224,45.30559424703933,45.50488069334125,45.718482672614634,45.99840694822297,46.047939823314756,46.16588270536789,46.12587533487779,45.94771076567842,45.69841885459427,45.40947482926439,45.24509085065729,45.304156072723735,45.24525202576939,45.14361193486981,45.07673852371922,44.989926244298594,44.97240032709638,45.007650051838866,45.17249964164145,45.42759229222085,45.6048547975772,45.54748046051161
95,41.443842242454956,43.30277695326626,45.210685016829636,46.59438658992954,47.67322542736103,47.88243640213049,47.72715191255341,46.90433118240288,45.910100109414046,45.838320502020274,45.90421101307333,46.79977317150457,47.72654177685538,48.449071588556045,48.63060401891384,48.28605014212788,47.35408587551502,46.7982065801146,46.51253690900665,46.44244695520649,46.530107384776166,46.40555437505425,46.116533272466405,45.36962960153229,44.91464231079976,44.43316587966876,43.53165279592422,42.97490301924244,42.93388853989264,42.916234771831945,43.170668337986235,43.399173720416904,42.62352216992756,41.28806550211495,39.822984449129414,38.55982810006209,38.09919783961589,39.02529223321217,40.47650848646971,42.05159741399057,43.40445058330744,43.487065577443666,43.17712654673703,42.369707565393504,41.951094257450514,41.92585844324832,42.320523180415606
96,41.67131368631491,42.09515952237401,42.57001288093557,43.03625481074644,43.50627644503038,43.95772034039141,44.34950529544508,44.73577737671319,45.108086344965386,45.43312779619524,45.62257272697075,45.77791508295503,45.903258425073396,46.02316666425613,46.135462392426334,46.18617670271263,46.17054583348949,46.03871543764747,45.955702914266276,45.962546074123146,46.127205257221036,46.32723540166897,46.52715082029449,46.69220332848778,46.75100162807889,46.68017027222835,46.668410952990634,46.63399178141207,46.37318351266055,46.088957200249645,45.84591850229304,45.718587412566855,45.61268470334746,45.46930140807662,45.49799017407345,45.52680570093808,45.49590521892373,45.36063143935887,45.21231507475497,45.176090119858124,44.98760859330716,44.90637078283811,44.81349541990054,44.589408754898535,44.34462335024297,44.14761864934927,44.0491582026997
97,40.82508497684137,41.6790562923134,42.27898022628903,43.105931944372024,44.10934938704877,44.7205174234645,45.175630865978405,45.40094066360957,45.472945776407926,45.50857373101905,45.62118031734364,45.87425792396326,46.003668070644586,45.68440411588573,45.33807154816301,44.77736064611038,44.32449868842655,44.18235591059484,43.95018435300071,43.8079480634545,43.79077390239497,43.61173106925552,43.291504659845586,43.03692637667773,42.98789947086108,43.1090837917434,43.13760149114733,43.12047028234843,43.16435432792941,43.2078685051612,43.333924427543224,43.35334265111855,43.28712043978633,43.469078296053105,43.98190595601805,44.42837871180078,44.8592060623237,45.42159093393406,45.69071568943431,45.6106187056603,45.15546267958499,44.7306866403654,44.25089087259985,43.8352277024724,43.239890658755165,42.428567050329725,41.63745417521043
98,44.162388623069056,44.16527050920019,44.68623899613771,45.30448972572631,45.795818896504265,46.376492870270766,46.82027275727321,46.70873753126237,46.571148891856524,46.14852416581964,45.477862592778024,45.045095402185645,44.56039318794478,44.11830080836766,43.69355880305366,43.5942270303938,43.24192139829246,42.80431087065454,42.70946281606286,42.886667005424904,43.35918954166527,43.84299832561562,43.95721327355479,43.87014538488503,43.71123794278468,43.72132918790541,44.12878272633889,44.47419346972288,44.880571110800325,45.55103548740217,45.92557297466185,46.2877407827158,46.550636440417904,46.76877788719353,46.66322603836607,46.51455147460787,46.4939812588494,46.41141359593288,46.62018989463165,46.628549170750865,46.218356455058924,45.17879636201213,44.409683527923455,44.27361899173353,44.37285901288575,44.76739753859017,45.24532388128944
99,42.11985437777698,42.498773318435596,42.96170999637713,43.50783385897327,43.688304387998755,44.198199452114906,44.883117927226714,45.42212734310343,45.86249409158278,46.33670196950754,46.7390331692091,47.087235930281196,47.22716177242248,47.64272506149883,48.04545732230844,47.90757027958036,47.58362550654671,47.48652925752643,47.10279768831033,46.78183956976605,46.42575513802729,45.914531338357726,45.42706805180685,44.94723555989789,44.88670983648951,44.96256451783372,45.28076239446167,45.35039601403816,45.78255562753742,46.34030900663141,46.783419357637605,47.2136281894499,47.15189640690968,46.6632574688163,46.400797060870744,45.8425160206273,45.017014100543896,44.492325345736525,44.1143607750073,43.94854395807653,43.993156028530365,43.97944528260732,44.30046983445031,45.083477323573774,45.64976162250672,46.452702536596554,46.77130228664952
100,50.45962083535948,45.38656820515476,44.62628050627883,44.15118972525462,43.94474441007153,43.918639519937074,44.24304597328519,44.62845593427855,44.963557770261765,45.180365722105954,45.569837987787345,46.09185314202349,46.47009110595983,46.37056221391058,46.06080879021879,45.77411495246265,45.450507038583545,45.384360513866824,45.34301751238457,45.48889022491704,45.70656639164764,45.986812651561294,46.31818601953428,46.54118964202863,46.874289192993864,47.28492409237271,47.4107330043452,47.10110568607881,46.63971082879012,46.080403767443364,45.50343603883687,44.9910578201448,44.73837336155276,44.39794063569015,44.03757895172539,43.681720723043576,43.350397859213075,43.04679792813215,42.95355736904617,43.00135241447118,43.025758138744244,43.109929240555026,43.245264534027456,43.247804842195045,43.31371092820394,43.440312899910566,43.765650500452914
mean,43.340427907240766,43.29967025128617,43.78582318866315,44.11081315110769,44.43715510185667,44.69025117427344,44.89295888286757,45.02099917073445,45.09608923095775,45.1448452359866,45.178504922310246,45.20583691107927,45.215798420218206,45.22381389347137,45.24818903611262,45.25699504078349,45.32465939672378,45.40688994326645,45.3766748926729,45.41003454532834,45.402710773064285,45.385586643031296,45.33793633399754,45.26802745301993,45.20471399988868,45.076618725613635,44.95309978230547,44.898785260627726,44.92804811220935,44.98830448346943,45.028489088209646,45.16481704290378,44.956058111129735,44.854268003887576,44.69142434571483,44.524496615087145,44.34997407950041,44.2202997345755,44.12912997337925,44.105611908765496,44.06141327269619,43.98984507638387,43.93113861639569,43.86764129942445,43.82756789873488,43.79493325117287,43.80595935347593
se,0.27926259923190544,0.1370743896784246,0.1402407354343977,0.11320366977228588,0.11986404862543099,0.12667785028817266,0.13150524652047121,0.1318041393178383,0.13211448768772896,0.13178929422345195,0.12886259474731585,0.1230607406258977,0.12034539268138071,0.12109373979244913,0.12487243689694878,0.1312933354147743,0.1410054231110544,0.15022212736616997,0.1510687678389508,0.14821882434256434,0.15185027987686667,0.15468832208204908,0.15075400109611672,0.15156338207335124,0.15189256410980373,0.15561798573706312,0.1717869622420843,0.18812892760767755,0.19159000612235783,0.19118034839143588,0.18931513271945172,0.2009139176188172,0.1923344178198406,0.1953523046399486,0.19853159709337026,0.19009991515678162,0.18179515961326354,0.1742678260126438,0.17618758338986684,0.1840629470043127,0.19184122824066607,0.1947609340026267,0.19640668555058624,0.20688224961670346,0.21772981912854225,0.22250461696521323,0.21887002143887418
