t,h_hat_seed_1,h_hat_seed_2,h_hat_seed_3,h_hat_seed_4,h_hat_seed_5,h_hat_seed_6,h_hat_seed_7,h_hat_seed_8,h_hat_seed_9,h_hat_seed_10,h_hat_seed_11,h_hat_seed_12,h_hat_seed_13,h_hat_seed_14,h_hat_seed_15,h_hat_seed_16,h_hat_seed_17,h_hat_seed_18,h_hat_seed_19,h_hat_seed_20,h_hat_seed_21,h_hat_seed_22,h_hat_seed_23,h_hat_seed_24,h_hat_seed_25,h_hat_seed_26,h_hat_seed_27,h_hat_seed_28,h_hat_seed_29,h_hat_seed_30,h_hat_seed_31,h_hat_seed_32,h_hat_seed_33,h_hat_seed_34,h_hat_seed_35,h_hat_seed_36,h_hat_seed_37,h_hat_seed_38,h_hat_seed_39,h_hat_seed_40,h_hat_seed_41,h_hat_seed_42,h_hat_seed_43,h_hat_seed_44,h_hat_seed_45,h_hat_seed_46,h_hat_seed_47,h_hat_seed_48,h_hat_seed_49,h_hat_seed_50,h_hat_seed_51,h_hat_seed_52,h_hat_seed_53,h_hat_seed_54,h_hat_seed_55,h_hat_seed_56,h_hat_seed_57,h_hat_seed_58,h_hat_seed_59,h_hat_seed_60,h_hat_seed_61,h_hat_seed_62,h_hat_seed_63,h_hat_seed_64,h_hat_seed_65,h_hat_seed_66,h_hat_seed_67,h_hat_seed_68,h_hat_seed_69,h_hat_seed_70,h_hat_seed_71,h_hat_seed_72,h_hat_seed_73,h_hat_seed_74,h_hat_seed_75,h_hat_seed_76,h_hat_seed_77,h_hat_seed_78,h_hat_seed_79,h_hat_seed_80,h_hat_seed_81,h_hat_seed_82,h_hat_seed_83,h_hat_seed_84,h_hat_seed_85,h_hat_seed_86,h_hat_seed_87,h_hat_seed_88,h_hat_seed_89,h_hat_seed_90,h_hat_seed_91,h_hat_seed_92,h_hat_seed_93,h_hat_seed_94,h_hat_seed_95,h_hat_seed_96,h_hat_seed_97,h_hat_seed_98,h_hat_seed_99,h_hat_seed_100,mean_h_hat,se_h_hat,h_star
160.0,43.6437539354648,42.79727880939476,43.015786302736295,42.538481931083886,43.49123995060049,42.2285375602162,41.64902185926448,42.926727370960386,40.578750787468145,39.546842812574035,40.82758679804148,42.495854218569946,41.178750341173014,43.32613841524909,41.70849051456198,43.689460274288635,40.95451210395054,42.42894683511834,41.325351814183975,43.15943121029798,39.835053221575095,41.31856146528729,42.443089930221106,42.36005277881111,42.11371994126558,42.87399070156329,44.00679724084882,44.58704266464617,43.48438900815491,43.4424529857201,41.917201879101,42.481511136668466,41.925146633408396,41.549273545045054,42.383152967430114,41.667775809970465,42.9067576784315,42.723943767333004,42.363638399361285,42.74798525228155,41.92017167878993,42.129108500732485,41.195887936203064,41.75503247641174,41.85826610593348,41.857937252587256,43.52138026174551,43.51114607562151,44.032999294786805,43.25084651669247,42.37557612566322,39.982760133515164,42.411854590135874,42.09442162599373,40.61777817482798,42.46019547315343,43.655003493616604,43.0606840206042,41.46305582860211,42.77684320521814,43.88050573756148,42.087094984118636,41.9532710067106,40.857728442661006,40.22088518404319,42.07211379584896,42.283934261939365,40.768053080534656,42.94885710053881,42.98467620242183,42.91513551078254,43.03766576298942,43.92970237867482,42.76472666722667,41.78956255319508,43.134574279475636,42.38372652843182,41.834830288347945,41.92291212174409,43.75991269866685,42.57600060247665,43.39346285029027,40.876930989751976,41.572472311635345,42.5141435713518,42.06362509529659,41.664194330794345,41.382481538117226,43.342457966819254,41.85495216250558,43.08230556366993,41.97543115372166,42.7221136332122,42.86623527764592,41.57719804113138,41.05346154762958,41.34895783655425,43.231264846557444,41.154739280082815,44.538843437695846,42.30894570246011,0.10252224176894113,43.40902445040818
200.0,44.345713514612875,43.36063763412098,43.385520199342245,43.109342531492345,43.787419558765436,43.014075553052685,42.00125139323292,43.08096099758044,41.20305289406224,40.13594790034081,41.384566985138285,42.53564368905928,41.84271131806696,43.24510630415589,42.3630665045338,43.96448235886672,41.45591911238489,42.386482504228056,41.595023824066715,43.4700338501399,40.37314952024926,42.65459387941517,43.135876888476794,42.96941114512521,42.89360805217147,43.04551419494342,44.24593950821955,46.078952273764536,43.92635217836242,43.56367537005076,42.32307642156252,42.942827111543814,42.59447090625528,42.56514291460756,42.73711529811992,42.129737366122264,43.417333068165725,43.258241567591895,42.7179435436542,42.98243811599469,42.85472338278983,42.3922801255003,41.79457828110994,42.702243225419224,42.19218212165506,41.90552168921987,43.72741675133062,44.02761398893874,44.422819311396346,43.40249456473027,43.130975396231214,40.448197888631114,42.7106653123284,42.44570692786108,41.083457838522776,43.275916424122705,44.75233118504479,43.337411583935314,42.819161212540244,43.473453624589624,44.50836837059929,41.963268113231265,42.352194144384235,41.589036637290604,40.86091088175611,42.825208140313286,42.92641316231584,41.10022230867524,43.404480626933385,43.36415863072467,43.75708195076275,43.357973004732656,44.064068699462645,43.506819437996256,42.38243229618808,43.58650206672073,42.76935933204229,42.424819924572056,42.179331828449754,44.37104024302657,43.02443132805531,43.56755666538402,41.809754278045865,42.05057198214792,43.06089444795774,42.68488821034606,41.982153387807244,41.446999060394276,43.46641029881365,42.20128420880761,43.388660298268434,42.06997836606722,43.53032379617231,43.40248552334481,42.93142841884653,41.3860332694009,42.36002441998732,43.37995062295268,41.60115198546677,44.21905292417588,42.79979232080158,0.1003509678289946,43.83768053168586
240.0,44.87659155635202,43.80662849314639,43.5419503038709,43.39149321170159,44.454409632399255,43.91050585057403,42.40280709064226,43.45010028750401,42.064592644532375,40.92588556942258,41.68749034188371,42.93258796012657,42.40385223565699,43.386652880763876,43.261817569167434,44.15629711711393,42.01364421297352,42.44321467670823,41.90240643385091,43.67401957391102,41.165079363150596,43.27520913507019,43.51327098560319,43.80307930660797,43.2222405370566,43.40767581920939,44.7460296071023,45.90298896272412,44.54907290576066,43.94340312682386,42.36289835180945,43.16765744874366,43.06601911127022,43.28744609183132,43.02787497903288,42.24175841790914,43.49051565715315,43.64651282413836,43.4241874193588,43.243437509941394,43.4230212533639,42.78952870173273,42.41921564268649,43.69745322492627,42.46210468229958,42.07650904727407,43.88040021731774,44.49014990284039,45.14761495777991,43.629732219553084,43.2054242870775,41.28968564222903,43.21110128007153,42.76668744015849,41.98338349843046,43.91370374761832,45.56410117490222,43.34703631921601,44.089701993237185,43.87504228446999,44.680801043472705,41.87888601232586,42.75253615398213,42.672305319037015,41.52125367799861,43.400314456470895,43.74395955385355,41.79639809893922,43.56276341706597,43.5923024598901,44.41061016723663,43.8763397630966,44.65877960251754,44.10364365013301,43.01425694970801,43.854171021797484,43.21307477803404,42.952515221814764,42.6435041608244,44.85961150510276,43.49293684346005,43.80203876904457,42.7578021755788,42.45940474659373,43.74515347748348,43.19521732663107,42.45732711169918,41.93370481718221,43.49947279367932,42.537974614927904,43.15839264934874,42.31456056131481,44.01860361962469,43.87268191640638,43.59053485162849,42.04736584666546,43.00147935170979,43.8507961346716,42.12128318960317,44.79770920578578,43.26277369736122,0.09557793153419693,44.33735567643285
280.0,45.30171398131958,43.981594238494495,43.659461887952496,42.64820755452747,44.993303562823534,44.92901231064392,42.27006870459324,43.91158820863067,42.988552903580384,41.39838166541538,41.87976030588662,42.78782807113092,42.89756181763889,43.36821301140232,43.963193683692204,44.19662019267824,42.640195958821,42.538052082864326,42.038166864656425,43.66577410517383,41.834067456681986,43.86678793528941,44.01682007489578,44.38296985616965,43.4644153443907,43.46879388976309,45.340994279449596,43.422167134614284,44.72370635548246,44.48539093812794,42.56922216375261,43.55577029394844,43.5683357605206,43.56431390816376,43.49316569044737,42.34331389690188,43.51470010373903,44.02061755592451,44.18810350319545,43.99052545309202,43.79734410301244,43.08567843834506,42.87160595566338,44.284055653506314,42.72721469783798,42.20092827123969,44.15423317414275,44.700395140565746,45.63138727630757,44.02249149202549,42.944019822551944,42.05701271582484,43.358425829237085,42.937678417529995,43.50444907722723,44.270308986380606,45.52078589526933,43.41708735675465,44.78432196424539,44.067543530122116,44.29976425107343,41.74591584802325,43.1298612489943,43.37400787562614,42.12194019884964,43.973857870371845,44.175440370049984,42.23133108541017,43.92458869374885,43.9557886998591,44.762374027461334,44.36296586884086,44.098071581154855,44.71195568845731,43.687605085476335,43.94722765008436,43.58269972479307,43.53093553920864,42.89212781622173,45.42640024206557,43.81069203260109,44.04672463595836,42.65650099642366,42.63503310135049,44.22718866443123,43.62810706379403,42.67966736582225,42.64296506239365,43.59400547367415,42.599328562076266,43.00634078137584,42.446266440007385,43.8952554355068,44.34404289788911,45.482450696048794,42.666000460291954,43.06234238215296,44.31599256881006,42.656717654614084,44.63572340622154,43.57174605551481,0.09336820700107856,44.51275010392115
320.0,45.3449626934212,44.15826327184763,43.728353814960606,42.689125293160075,45.446005370540654,45.6139481493835,42.011414069115844,44.10829787343146,43.79437736700954,41.8601093128532,42.14866851361076,42.91411077051002,43.10249711501547,43.4594582304191,44.52596803766951,44.10931584459091,43.133644818098134,42.874267163750545,42.2906813193256,43.82814183242929,42.547783136267604,44.81183797028876,44.63567920700724,44.71295664317576,43.58205241419344,43.65771624904434,45.979590468144,42.37277186657239,44.94268595821164,45.00173793806622,42.831072687543625,44.11710860370397,44.1878126179897,43.275500970007656,43.834656419747304,42.762602589062695,43.67877153496692,44.20202833982586,44.959267672104716,44.81147010011297,44.219922192358204,43.313538902442474,43.14416358074437,44.87262134109511,43.107883310956566,42.53183459774874,44.71269051672722,44.70185910168132,46.03737401421341,44.43610881595663,43.1917018474805,42.78855503940648,43.41522586320508,43.12900959128633,44.051361627906395,44.883378087018656,45.56264767442178,43.78408499600898,44.857377166621596,44.038865867032946,43.64573489151012,41.36734493286378,43.48673634580598,44.004505134630826,42.7864004847927,44.749884645154715,44.46547612668555,42.69821882829082,44.268813126292144,44.36267288521147,44.82830348010737,44.62651519396117,43.4350238195153,44.93434316056953,44.381781812852886,44.10316697646496,43.89199664328107,44.24513956645148,42.938974291695,45.907993798222975,44.003769803049636,44.46252778441636,42.428763514160295,42.92115378478062,44.718924405511814,44.02269892693276,42.89351706715244,43.39704795783873,43.840654146585884,42.79017216824049,42.6717788767645,42.19558297808829,44.06761911761664,44.5690440045877,47.453352848521874,43.17875143082224,43.21385421119655,44.87345438371276,43.21115701553628,43.988024081792005,43.86857793033161,0.10418569828115912,44.69308101507932
360.0,44.977942754987,44.493767304136696,43.74011086231123,43.22126260687625,45.62680202438636,46.11731532308721,41.79976843700669,44.14869995131636,44.354926657556945,42.484691318331485,42.24957436367326,42.93518101370391,43.34108560193014,43.4285813889845,44.76886087259222,44.13888118084299,43.37170704118904,43.10190594753624,42.7714798782953,44.388017133108804,43.03063734823831,45.078070258458915,45.098998934245316,44.93489308103288,43.534506255795144,44.19138215677103,46.37041166423211,42.19419875611395,45.10166088622714,44.97726482213272,42.80728780383703,44.35757921402353,44.569391922419,42.72043097714802,44.23775966729263,43.03318274909087,43.87389085329043,44.119793403908034,45.54073755131495,45.51075945717224,44.535911326858525,43.28832553124932,43.32258116678229,45.09633526775521,43.44179691054398,43.03470674127696,45.1582886554814,44.249660561407026,46.29748874185571,44.69726974783648,43.20126102399604,42.99904561129138,43.47609925511785,43.292869505709476,43.99283404783065,45.21254074285503,45.61789647607017,44.33416614426187,44.95578437326497,44.08021203026822,42.997063178230505,41.047675378301776,43.724270539996446,43.8753235005704,43.24651802213191,45.20351041622274,44.61684991128589,42.706978280324094,44.502506692016915,44.412226757182,44.576064334363785,44.84734002739731,43.30852309460789,44.92771646949761,44.68025633283053,44.46184862410129,44.08612874446192,44.92186485373721,42.978269386807526,46.270097679488686,44.19124088901639,44.860822605343984,42.298205766671266,43.39068192098086,44.902864354772795,44.46353904116438,42.926043645533305,43.95489294314133,43.74397434046339,42.87786612645965,42.00107571069607,42.32483904690538,44.11923094266193,44.590953550040794,47.37366777932984,43.287105708136146,43.31124504548896,45.42572488716723,43.71793907955234,43.49538136108435,44.03676800254476,0.11079828652507355,44.82345734621778
400.0,45.06363657382118,44.78147380525156,43.87510236993416,44.60023924589987,46.071220226055395,47.15646055585567,42.55120267609188,44.43906936722551,44.75237406620118,42.80268069062508,42.3280965534426,43.228467672516025,43.83982445338837,43.656483063389956,44.62234896393613,44.25413969668692,43.50216037216799,43.17671524224374,43.229255986027496,45.2586124027049,43.24140072040389,46.57901211510464,45.44948822974095,45.22350242121653,43.489239525652444,44.586990004465086,46.73537106873378,42.68253650949631,45.306081535538674,44.9247814863453,42.85956093574578,44.50479109412267,45.02406420186434,43.28070150359408,44.75669820275184,43.15147881423579,44.15425298574451,44.112849020152005,46.31875189590035,46.09798405307971,44.54976736744497,43.27903810245571,43.5316573870304,44.96560887910305,43.9876743978359,43.60550654232846,45.48671389352507,43.571308734694874,46.344282001382574,45.1050795990939,43.763508607119114,43.41020363666332,43.471813936216186,43.47133666164002,44.227923281864264,45.426101797487355,45.44179820945205,44.65422559065773,44.92399284828902,44.302024293503436,42.837469289102756,41.526245927605366,43.518158334767534,43.5241639303786,43.56445377761216,45.9375851735351,44.5514319368562,42.7514612096346,44.850185097868355,44.010307062155164,44.50157725945415,45.080533415229766,44.02574259003202,44.73155464946539,44.85974881922121,44.923717711108445,44.14791691301072,45.34356291191881,43.05125129638641,46.217891996829024,44.64190133827474,45.30380765538009,43.423828686551424,43.866814038319184,45.18997209089554,45.13092000253551,43.19414177088444,45.009574900478896,43.67221021286078,42.98794810114153,42.38846856365089,42.91618208458037,43.966627361574105,44.512389090931,47.08482118563273,43.878232317821244,43.886356888184864,45.61712873087545,44.20326230423555,43.398869499662474,44.31417082201787,0.11158511694279057,45.02691231889608
440.0,44.97025362818016,44.86305786712105,44.00601883184706,45.59593532876217,46.59976912391326,47.819463745851984,43.530931644636155,44.55817410082632,45.128538869049784,43.029453864256496,42.45594198651618,43.535156586778925,44.14180102439599,43.70761853064907,44.50831464807419,44.45660351105492,43.892030124390395,43.80685550088245,43.2899442736977,46.00181945949781,43.40772872025267,46.903166801737704,45.433143402705674,45.54069752563439,43.71216035082904,44.52140562252127,46.964137730674366,43.26576091026702,45.2877819115076,44.84087978749866,43.06130658168767,44.73804200640491,45.44418933278046,42.95941060353217,45.08248839527888,43.0547142342133,44.42189856132107,44.424337909014106,46.5527080297637,46.687516794021285,44.862807937286696,43.53153711980991,43.54619416479802,45.07498071855238,44.3532940224168,43.776355210998865,45.341171189572044,43.432663488496324,46.46192005271139,45.5897668935159,44.1594277309139,43.83328350785765,43.27477364375222,43.85356544235922,44.597743029891994,45.692221100191176,44.79568564019798,45.08352118327652,44.58930188592737,44.823845987506175,43.40153981444827,42.03349385849257,43.50396136078357,44.33783809586048,43.9106873908719,46.34707844748169,44.89610596178458,43.043981180537294,44.89992501254355,44.29387981683247,44.5947143767044,45.209749573610516,44.67051070030924,45.351183393865526,45.233464408788876,45.37382078109137,44.364449293464915,45.48901741222262,43.20471944115766,46.11818750380895,45.13275168735799,45.746469512987666,44.774680856521925,43.942320366381715,45.54623116969614,45.54380952999933,43.47341999625469,45.83360565559474,43.622257304906384,43.023846758765465,43.128652738719666,43.454857779196196,44.23296627244735,44.47954128688386,46.5906758662568,44.90329356656849,44.588450251848705,45.50905727900668,44.643106902853695,44.0967455111043,44.594202659300706,0.1104043924492543,45.0658923120084
480.0,44.99158591777647,45.121063237791965,44.0950219309967,45.9350330570983,46.968367581571414,47.58017361385874,44.59983211075543,44.693729683717784,45.120031611065926,42.95209960024143,42.4753747407265,44.285629768144624,43.958398017141235,43.78231319054923,44.33987290946955,44.61714495963655,43.94815899631837,44.24279523906896,43.45635627924683,46.32946358217027,43.58943422126002,46.3880443317849,45.245207464910344,45.74366764958684,43.685783309706395,44.54509907175984,47.024259976590265,43.32176130893232,45.251852542582384,45.33305975894702,43.24808448318944,45.151727089386036,45.7122367351806,43.068326618157535,45.202264214768505,43.14799993766257,44.781027597258316,44.583358553352554,46.784295307825616,47.063222767137624,45.36587353199021,43.719143438206984,43.55604084042104,45.03997905814325,44.744504775873715,44.17137430584524,45.22397322232985,43.68505528808692,46.32725282119902,46.04637073156525,44.41680501230363,44.20483533046924,43.23032448960684,44.30653655217435,45.67512132470897,46.00714333140404,44.06512302646127,45.284743892873486,44.48219853820122,45.32183192281744,43.682980630709274,42.53217725888123,43.67585862517969,45.281091224717336,44.15132364624109,46.40629804942564,45.350666134168314,43.30518129105715,44.76624093626531,44.79517388775015,44.61301798525764,45.4031059945826,45.14978471339468,46.31677480180915,45.41584301511533,45.61690178254894,44.52101044353357,45.64688876104591,43.2814862745774,45.91213392564662,45.335027344649596,45.98190163694976,46.23108943472919,44.117370922022076,45.635997808600145,45.81291909435754,43.9191872243371,46.581336914907894,44.08775825977768,43.23446382678309,43.845505840448325,43.662281796466964,44.35923894288375,44.40316548766371,46.12514666634077,45.93608817350823,45.262138633322756,45.305842264294746,45.04754890388005,44.6792974431876,44.826246364030254,0.10965925523591094,45.09789437354443
520.0,45.10354006954661,45.050016408335416,44.13038195051363,46.23007020005452,47.04539085902741,47.07386104654756,45.04480086974124,44.63147991022616,45.169856697449276,43.022616032450415,42.55637054808726,44.84655759089763,43.79815307998507,43.818279698139236,44.580920420146185,44.86056287612331,44.034343686950905,44.85246461839436,43.681472775679204,46.23638995851356,43.64424857508859,46.325236962896916,45.131860732431996,45.65640740018646,43.87924670194443,44.398572576923655,46.979724274395366,43.8998502442493,45.2088514466865,45.74733097735777,43.48029335986579,45.17074612623638,45.61487918216638,43.13032573070811,45.24724464087565,43.44026172723245,45.597882117686,44.802026088586544,46.86895850364732,47.429137541817475,45.97922473360505,44.00474552533111,43.700507425133985,45.01919357833062,45.250543656403366,44.66692245119941,45.41548363899775,43.759232903736354,46.18575400310289,46.68897925083866,44.59739324963805,44.458799865719435,43.215334259316734,44.55947718993312,46.558693094031554,46.24085341510831,43.45064868158751,45.28575364706153,44.62210028029541,45.91056971324761,43.881215198559836,42.800116486675435,43.5107648147165,45.73242114021706,44.393491310690635,46.30713378668503,45.561322790787166,43.697509012301175,44.682544447450574,45.59369862663287,44.66985948930151,45.63546485103958,44.31013885778001,47.1063782893553,45.58262819694334,45.65864989208535,44.41096961034193,45.679026747658384,43.63015558148292,45.851372594450815,45.40512996367453,45.99053007876587,46.712749730638386,44.33379872244575,45.55073560952061,46.06126871158274,44.33730583813217,47.08390515288709,44.45184719569191,43.54821480756678,44.04463262776369,43.62070613757648,44.35017799119298,44.44218030790573,45.81271878116999,46.486812267907666,45.731784090820156,45.03294307845199,45.44046368753913,46.031626911291724,45.00155218188089,0.11163462621947888,45.14448993407057
560.0,44.84143544289835,44.728438059410614,44.42992305804154,46.8492702538792,46.92286974704539,46.90566850302438,45.425121086037315,44.719175507221834,45.458299640914895,43.15185629202027,42.55465748819227,45.39856685163721,43.685553077589155,43.77263420361508,45.011891945395035,45.20049451202479,44.18559976706459,45.330982648083356,44.107141598660114,46.02438825913967,43.61902098955817,45.89766375696244,45.41533686777882,45.76974910428509,44.278509236028675,44.60278961361105,46.69186516538626,44.48135150580644,45.1436597564235,46.31836918451396,43.82094238201909,45.31440337121449,45.56328835869911,42.75331372217404,45.22994078523026,43.606963405706594,46.27336585682288,44.823243671292765,46.45634123145828,47.388997104141936,45.76116614194782,44.34673478148645,43.931269837646866,44.69117829375977,45.75079160067906,45.11018745693632,45.32549890205427,44.11891328330297,46.020329785281206,47.22441563262859,44.67854612270524,44.70506644315746,43.33992859195196,44.64405332646323,47.748997969608865,46.368177587875415,44.03808947002712,45.23988944929281,44.23717460898033,46.74306941721552,44.129990430574104,43.109658608511715,43.848698558126024,45.8412662320917,44.57634206148601,46.23123539801035,45.772031432032286,44.54578257536362,44.56014707418269,46.01907328393969,44.7178493210923,45.86732097632343,44.06275680087248,47.47246906748224,45.74302294852715,45.72550374180886,44.42920831977072,45.72438829758837,44.16538205418638,45.69970114525436,45.249841922010624,45.91433419316334,47.82872331741566,44.177339391245155,45.51061893551524,46.06329850087059,44.24339986264176,47.34370169241541,44.821063733948456,43.79811290431408,44.26324754891942,43.79603159837338,44.24939446645002,44.54692710394006,46.19469526299975,46.74543183579389,45.51638223305645,44.779331690989984,45.87398315660767,46.51657340344883,45.15850822795356,0.11410796959407814,45.14568995802323
600.0,44.772496038929795,44.34698283001595,44.68544244947793,46.854284963232644,46.559075284071945,46.69831008556642,45.37900280810882,44.93974525237888,45.59882714539137,43.33377299903121,42.469194962168395,45.787185668883474,43.785802149891694,43.84828032345231,45.35367738902508,45.340857520344876,44.4890836701276,45.38798972070343,44.04788341387877,45.89993538074782,43.59951031141784,45.67527969284164,45.72606937095975,46.01875911215843,44.39934360441573,44.839555133656845,46.51162054811226,43.437783070061734,45.10438256801075,46.814090867530595,44.212738732441125,45.339872455077554,45.32466419554288,42.370786051950915,45.03377634221135,43.73795256466847,46.37399881015254,44.86271975999834,46.26376493866294,47.06599208283287,45.489360208263975,44.73894650470309,43.92908867113723,44.1488786012568,45.992383717092075,45.295516749517425,45.18225511890057,44.57728819899076,45.387592109824084,47.34144268309706,45.201088813818224,45.07622599892046,43.74864593828271,44.21280361587258,48.10589803917525,46.21259718479263,44.74058515149317,45.311104108271245,43.879109023677366,47.32710659002916,43.70275200300651,43.55421623684175,44.25877222279633,45.73111636402298,44.75997592519225,45.86039888736787,45.83574522430918,44.72495809763371,44.53218026495792,45.63565491489278,44.88479401467218,46.10414115803588,44.3652686512635,47.09262498521818,45.803213092663135,45.48918557935205,44.3662366050759,45.71211841855307,44.59207668314289,45.66280685447728,45.063673555411754,45.73717953511332,47.397489353567885,44.02736711416505,45.27342562558848,46.02283033355232,44.036175909349005,47.37953250694436,44.95468921829022,43.958970092151084,44.56174616359201,43.90975451442847,44.10071962918971,44.648165733017215,47.67315067174113,46.447259350768185,45.35987318876648,44.755855196475174,46.02282575153633,46.87550858169644,45.19062835504067,0.11360945142555394,45.129082324010746
640.0,44.72601372802497,44.03856389525832,44.715956047949156,46.51100049365259,46.17249340557581,45.823684225509915,45.116272977538536,45.235248265271636,45.850307859881255,43.482463852037434,42.18507020581994,46.11100096193085,43.80482761435494,43.97015864715936,45.35097303999094,45.29968794507063,44.72015133522328,45.1215513234541,43.938090768509824,45.872496884694534,43.3618749776987,45.429054185882165,45.85764967177543,45.89407182408658,44.24863855952281,45.04037685944589,46.347403746187446,44.541484670809304,44.88564310350157,46.90665926043811,44.4428129788995,45.55286432870752,45.15375084906872,42.881907062407095,45.168516686411785,44.119568874342434,46.1847421848631,44.92666823170794,46.17962316075592,46.80036145792049,45.41203229797619,44.800962377875926,43.878652036800084,44.129024427653775,45.99656606491708,45.71994565058149,44.7057739557314,45.016669580877014,44.549609281484315,47.25722485328595,45.62443806456987,45.3130727319463,43.81459051434948,43.600141877883594,46.70094810986765,46.15677260945059,45.072081675465945,45.336395471757925,43.73818741240757,47.38017570891571,43.22764682811198,44.19562879436649,44.622091699373826,45.473433053386955,44.97769377017307,45.48260521940295,45.89721879998122,44.79247641593184,44.557508955936704,45.374205870120164,45.12081403231815,46.3201862612254,44.728544890047964,46.51475265089007,45.767275206964975,45.46808657789663,44.398891521800294,45.70709672165729,44.726707964331226,45.71477915090672,44.75293649652036,45.685798932416,47.300314076771606,43.77801170535852,45.02497430221939,46.01432849288599,43.993236464632645,47.13171659494097,45.016812611949156,44.01947939644724,45.238989178756974,43.994368341825954,43.91581485276856,45.095910766538275,49.065217497846575,46.17970334856468,45.24540557325566,44.7081212572012,46.20595321549936,46.908796471152094,45.185164848175134,0.10933796445595471,45.09368098117574
680.0,44.666188431350236,43.78781325160127,44.79896866858139,45.443397414091514,45.75238624776478,44.87328633359368,44.88436139087191,45.356988247991055,46.24375880009351,43.68409893295345,42.01574128152941,45.42743018950974,44.04452377766702,43.987841296760934,45.498063212261954,45.27924871881877,44.940890961815164,44.812342309520254,43.9655868704183,45.640947723305125,43.30827782075255,45.585400626735264,45.74475954482629,45.82463349911803,44.0541285209394,45.1937605917064,46.17561588344904,46.43074917805841,44.71369026375311,46.552791783102684,44.830807454232534,45.66560388694705,45.28937042020798,43.25611746334721,45.34816523231386,44.236001018236884,45.56814614270482,44.94000331781622,46.280299702995656,46.857550997377665,45.045345799019195,45.09415969797779,43.73813932483163,44.211308928386174,45.74175626525638,45.942501612639234,44.286451961658244,45.38807217001674,44.08498966692056,47.03369154569426,46.07735813061977,45.625718934814294,43.87391078202317,43.37580742772518,45.389299457213795,45.87740690219551,44.9791425585416,45.21506750468474,43.713367904166276,47.4307929114689,43.05911921943521,44.618917347714486,44.975672865337,45.213520825556735,45.123260598317835,45.10076418223827,45.84284880879601,44.74788482752776,44.507780455073615,45.81045513044066,45.19173058564367,46.32946780111456,44.606365063187496,45.954973284999305,45.666469471555864,45.45250077095482,44.524010200430574,45.7238839554955,44.935329202539826,45.56976467575956,44.34770106858714,45.53002041180118,45.119645833515435,43.7597363046342,44.78255391629914,46.04030895036767,43.93202112237896,46.816896095726925,45.14693969627725,44.025370230086075,45.94848027356481,43.68207242447568,43.508678082052015,45.333361696612236,48.39775753236165,45.70213799453836,44.63833561956558,44.39958068637224,46.38507757485381,46.51528113425584,45.10050702815419,0.10187754797659987,45.10590253422082
720.0,44.534233819078175,43.7432711630194,44.54450414328436,45.016527565047845,45.43624272530825,44.12147231539474,44.70141757731077,45.56397056615059,46.51132374155573,44.02495154072874,41.97386236524965,44.88224720834265,44.292560033142856,44.067321677087904,45.617293641272646,45.237178848454626,45.346812163336764,44.32984501328686,43.835524868610804,45.30280237351057,43.53209020521026,45.76117039177392,45.543004733519226,45.810191851434354,44.16128674688076,45.36363057286091,46.012798866178755,47.93158296751558,44.5458495061821,45.994360420592265,45.02523090796617,45.687532406631234,45.64656934126769,43.99499732627012,45.395465260982384,44.61969096998116,45.09326016214626,44.8622466501731,46.5406595517688,46.9244112306351,44.656006017374196,45.43981307342689,43.63932929974468,44.149693790963745,45.36162981717602,46.046910468210996,43.97732914708584,45.7908990569036,43.929025708836086,47.049699545555185,46.55093815069685,45.97286414347098,44.04236668521698,43.48373892118096,45.118246561592755,45.652881809512465,44.97369728341525,45.031767030084644,43.82718185791464,47.468249623913444,43.3553096344743,44.972438798976356,45.15484818785716,45.27093734194286,45.15036404227487,44.75948737582753,45.81365109371258,44.74720663178498,44.47572793459574,46.31668753830988,45.27351074680116,46.286544788421,44.50803410105563,45.632997534285344,45.635283353373275,45.41753096612784,44.44955916969209,45.68015619117309,45.347192123552425,45.13260718067141,43.967336335108854,45.42995926852667,43.976883120270955,43.59163193443962,44.630478978847755,46.10945031115488,43.660271026238945,47.11228323479009,45.19339375011272,44.339550799013885,46.409381846541294,43.553759133735475,43.452732977268724,45.60696291077745,48.271687565917134,45.33126213667687,44.27482151231481,44.0572664346329,46.510380188933965,46.191866661915384,45.087430962735496,0.10670238878235458,45.13177737848988
760.0,44.48915602199606,43.82316352075236,44.51145936676315,44.80680681698777,45.5030220626848,43.76397007904661,44.86841115517736,45.7037120033477,46.47079889508612,44.335332340558715,42.17860393123111,44.86661369419626,44.73855623799121,44.29808858412119,45.8355459078654,45.18167735429617,45.5357764066827,44.08150317140126,43.817932673054536,45.0401247084918,43.869172693441385,46.42489746550271,45.3283064686146,45.86453345511804,44.255272410070376,45.30003275682927,45.942756713551105,46.94964097695736,44.40193093444729,45.71866766167592,45.19140300866366,45.60896366567644,45.980853461152705,44.3141409591949,45.55314627655439,44.97728216432577,44.87590251208478,44.769282274645214,46.80366685552772,46.99641819778664,44.42925199785934,45.68301934598603,43.79869166831457,44.20387163843475,45.43196869791273,45.912784005889925,43.78414152243014,46.232112892324615,43.86648277703647,46.7458166662799,46.99544038281031,46.21837687380788,44.2698167188177,43.60488723222083,45.93248295099386,45.46087053233044,45.19555620700247,44.65789046018606,44.24683845652454,47.383844384670965,43.74587144646461,45.35373405241214,45.20855612761532,45.13542298658195,45.369528060298244,45.107673605028666,45.72001571431954,44.806086230724645,44.40737607736867,46.79317068060054,45.204529474030196,46.189268089223255,44.15335786026624,45.52797824750128,45.67900729406318,45.36086506670341,44.33883382871489,45.72058845946351,45.82113177168815,44.84505309020304,43.87032722382855,45.40175914139883,44.44275349077957,43.34828244348307,44.73314981360421,46.17738251126002,43.80867654853638,47.4767541127448,45.26273251442327,44.57397720934839,46.393526018569794,43.69194980185557,43.44042918606126,45.74401830140262,47.78424323026402,45.36480375182848,44.4332905127053,43.69479261358383,46.48153040505362,45.49117239495389,45.13134270644341,0.10387632234598214,45.1258365622561
800.0,44.57830072532341,43.86666116994428,44.57240106726327,45.09082971487842,45.34494451408328,43.85311160922905,45.16517932345328,45.67063429944571,46.50367632805624,44.6287260836375,42.52378241023952,45.349453166332715,44.858232369876085,44.69780875494224,45.90453545539635,45.086538786660284,45.57718756627474,44.23640832495973,43.711541162032276,44.73264523740805,44.31505648571406,47.998811769931486,45.289493800472805,46.02768337126703,44.023592616472314,45.13104596790856,45.86983713184268,45.577167449246716,44.12338192868746,45.64582766025726,45.34328227249891,45.55549481108832,46.23541144167789,44.38741888363721,45.719339402917626,45.22545183902455,44.44556510507889,44.5879964033128,46.6613136068525,46.422046679615704,44.51205453442534,45.79947869194848,44.06878467220279,44.196589103198164,45.741389876058754,45.917686092720615,43.36813201299697,46.53322335733555,43.98725914228789,46.63808432147416,47.2175433865983,46.27205646708848,44.2440398349449,43.78161384733571,46.5171267441694,45.448385672669055,45.930716814436984,44.47920712343583,44.54314081586936,47.29375310967903,43.86568462895276,45.66525661727134,45.31983124598714,45.15616651019328,45.44189680573678,45.61910692393143,45.734105121199185,44.72561421869679,44.17350108060983,47.872946553738075,45.075341145644394,46.32614763676148,43.88663426334452,45.47722072332383,45.56494546322435,45.54569767335454,44.3589997220432,45.84050343099213,46.185945319523086,44.525601961472745,44.04168023996387,45.28486810454528,45.42073822030576,43.283276685965625,44.68300280001846,46.17297917412827,44.160576967039766,47.523598273086954,45.16433634904145,44.644063985855,46.25256341061723,44.003145399493604,43.29264795359913,45.780063213823205,47.08071959378782,45.621139733946,44.670866910988046,43.50104276660609,46.452225425300426,45.225299145702635,45.19648063717632,0.10582894512424934,45.08170787027486
840.0,44.60010966205221,43.71576506560834,44.5519244704903,45.5233216720692,45.41309371734102,44.06533007901141,45.345163409910015,45.59208066427664,46.48531506948726,44.82039290511019,42.81521332693233,45.225663122010275,45.14428698122012,44.91431243683852,45.87391222346228,44.835020283336455,45.78198212090603,44.140383699381964,43.842352767161486,44.41901826297607,44.94512976118141,47.811393450976496,45.524360162597105,46.18929309549762,43.79627599417374,44.99372303560105,45.620098437627426,46.29206610799509,43.8001030553976,45.928957305582436,45.62169244239722,45.261678898473484,46.38831325541105,44.73864310061639,45.98374716209329,45.45532908201797,44.2126506869956,44.68612043606718,46.45438250593404,45.75080525194246,44.6332543008493,45.92667192301555,44.50594182407375,44.535958418425345,46.02385554507729,45.92357951640274,43.24679974344749,46.8234243671993,44.05650901265855,46.646987702974975,47.57059761619396,46.035893910564056,44.197753763026,44.11266926074225,47.56150433556749,45.26417326755546,46.34253995089948,44.4594209715838,44.3514847690891,47.54445875359095,43.51393597690328,45.76343441351215,45.27947551771748,45.269136617969785,45.66812235370091,46.152999041650595,46.32322906738407,44.93734209717165,44.1217284794984,48.40982965493726,44.939536363942366,46.45165794543687,43.63559493798147,45.670654679158396,45.64752063656816,45.682647157629724,44.448319182781916,45.69455052979975,46.34857039722533,43.95633319602584,44.26186083589502,45.11545706274219,46.28246582568828,43.26807320720045,44.78301131406741,45.834296349517295,44.40740486909461,47.559035696175414,45.05366330401324,44.48113391164748,46.23814294250013,44.451563062900775,43.11164376956134,45.81800680547551,46.99552074310659,45.590130675895026,44.66170647686564,43.51789148262428,46.55349736269475,45.20277098048604,45.27424779046243,0.11185066427157064,45.10373168672385
880.0,44.8136235238552,43.58100270257944,44.599826841101,45.456284993349854,45.44785887136311,44.552544526079465,45.47459843721856,45.50683425409967,46.42361773874013,45.06172229001267,43.16127582077192,45.15691391112086,45.18470968946031,45.255910969485804,45.864747144329776,44.62960922357234,46.02297345099421,43.878241274756036,43.973259367866945,44.168759866288056,45.33742329418064,47.15448761710552,45.784239540009615,46.36305347884379,43.642542228604576,44.95836020955347,45.59490725554178,47.169702570964965,43.442426397264036,46.352532032306264,45.90574693884015,44.936439776048196,46.55909549223773,45.20204576643452,46.31093382499918,45.57196389510089,44.146586589189965,44.79578775188552,46.076013903616406,45.18171733922083,45.003985635433864,46.19221800743042,44.838241887948534,45.07532387643826,46.09631132782458,46.17875916879236,43.45336263264672,47.00068221242534,44.34695200003413,46.73018962851654,47.87137716984855,45.78361315093198,44.15217276707837,44.37824069570824,48.457915732092744,44.87760652381905,46.84074344175128,44.489837599897825,44.28452003073447,48.01636547428401,42.76598768353079,45.64311077187746,45.18080267905971,45.2364748473795,46.00347017715741,46.36942024763444,46.889445852830264,45.227331907754895,44.153887843424904,48.29351136681881,44.780479743991734,46.44232185503825,42.838002732217866,45.76702784739043,45.864954381466745,45.798931394908756,44.51971206495584,45.563216518406925,46.61899202619768,43.45578153982017,44.35286901982234,45.028091968965064,47.22744392946788,43.46119825678783,44.74940781594109,45.60027362939182,44.62943802546728,47.62088211513781,44.89412131690132,44.362742221089604,46.15541339634674,44.571750694285306,43.146170655180214,45.69575280695397,46.820648034881486,45.83294243782516,44.07503545167749,43.64720641155258,46.59145688589174,44.87598640037176,45.335204347184316,0.12121007833117256,45.12560548549
920.0,45.39291609705365,43.659885845465624,44.582212473650294,45.44848310475567,45.107321049235104,44.98478019129898,45.74589604295305,45.48406590604657,46.44507355216937,45.14775737419474,43.35707634403745,45.609722915714684,44.84623386320613,45.58527024868785,46.166838169585574,44.317600233920786,46.29589768197807,43.92265391745351,44.1890247374634,44.2106935679055,45.66610306800276,46.845496274010536,45.71654619050663,46.419913136808724,43.624829988607004,44.96320308990441,45.58994703582215,47.42012580148034,43.27383631401533,46.53111671282979,45.97128470382322,44.803774147145205,46.52429265085103,45.55108805580973,46.493399756938935,45.303416609554496,44.515006571616205,44.456170677053535,45.8085737509289,44.747704841649856,45.25989862013557,46.43068810945411,44.83953466480606,45.46348038756058,46.1563641878405,46.13639553098009,44.04801016862079,47.04995686356408,45.09860681336609,46.60786257088626,48.087568509513815,45.74960428575584,44.20026263864032,44.48847041882075,47.57360060638486,44.49284590039782,47.22970646045429,44.550273876574394,44.78320082911214,48.10384469961917,42.36193332239272,45.53076246253008,45.109425744302705,45.29338026426253,46.34206974654608,46.478508053510396,46.99599570721902,45.57547342390952,44.13492036513054,48.067801859274745,44.54775512413821,46.54139738336882,42.54104449389536,46.0354133609876,45.82766302778019,45.77203792856553,44.70463589972993,45.63536762002424,46.639451495011215,43.80337934870325,44.33234746809446,44.827288231620614,47.031450325848986,43.553597473241815,44.636520435864156,45.16441670494235,44.591305678489746,47.73597162072197,44.95293799410167,44.308018285114436,46.41364058897637,44.635310868610944,43.275731742471,45.52273739179098,47.05388288502878,46.589736540641795,43.777417020952754,43.843585145009676,46.37569814405768,45.14347398371131,45.387788939971976,0.12111945096135986,45.12132204250012
960.0,46.31063437887765,43.8618269190437,44.353814160836826,45.05309687507746,44.92760566509727,45.11769073274911,45.60631522940445,45.62291015943759,46.49484556468729,45.268293447593614,43.62928177066772,45.82845547271453,44.77407088755993,45.86497392907581,46.2875920655236,44.29340998974982,46.40784369400193,43.89827301399769,44.85599119234972,44.14436343802336,46.06846083992909,46.63048679585907,45.63030472419865,46.329211181395635,43.64171638379877,44.90133811567117,45.63594045308372,48.30117359464649,43.318079131423005,46.448782666256996,45.798402098700834,44.874802804704714,46.499962372027,45.52434781390778,46.41816531429221,44.90037952757245,44.761436897125726,44.24946708650894,46.19156526135479,44.68902898847535,45.38353755255889,46.69009774316285,44.667675920500685,45.9795042426089,46.0777727081457,45.936883232685574,44.28208335815225,47.26809327513677,45.512603099304215,46.29745285211368,47.66931402000547,45.482233018055,44.19736904574021,44.81682626172928,46.39877418487843,44.27948887326692,47.444942187491755,44.65673607249422,45.25121855766063,47.8448516136255,42.53218756884988,45.470842537503025,45.123873524962136,45.48411055506571,46.38983135127389,46.54499146775534,47.002741298952536,45.9272417831407,44.10651740242996,47.09870576488273,44.51139582112971,46.75533815122614,43.14266014968376,46.52316726744667,45.87849713835049,45.71794295019876,44.91345327027794,45.80214885609285,46.439473932149596,44.34351554911727,44.11907797556956,44.55355332522596,47.76707474880809,43.83142863418083,44.724004482924165,44.88390508779569,44.510276994981304,47.348810548801474,45.029010716415605,44.218829054943555,46.475288896193895,44.86705981024567,43.42822363836687,45.38771868580293,46.58935332213788,46.93878865692575,43.57879853635838,43.95172000514072,46.20604569044827,46.29876520980232,45.43968168818277,0.11669657084776226,45.1265236310888
1000.0,47.10649043045267,44.0272278603708,44.252423188762336,44.71675769183361,44.74389751798342,45.18499570395335,45.53687967224209,45.66898849618702,46.35792759157229,45.533032226882625,43.9469051558171,45.919910844160256,45.03829050711598,46.12643705051423,46.42355664205749,44.288677686383586,46.507570326878515,44.32795830114225,45.25166678616241,44.08994686613058,46.429854782154166,46.55930554053227,45.783557162589965,46.152676747693945,43.44777784804652,45.00024369304339,45.678344287078104,48.53673518892303,43.47335612264952,46.65840205544758,45.70436043446878,44.79913484245312,46.478344014896045,45.36212194142779,46.45998484079665,44.57638581319891,45.09903483789659,44.151395577469,46.75637648174679,44.94142229059165,45.39039331783492,46.753225898552614,44.455810582373324,46.44404141310233,45.88235571108929,45.67588684491648,44.178051252104005,47.41382286280541,45.8129929950341,45.91095146884413,47.115718204330726,45.49157026038223,44.220511559008244,44.781373718821385,45.805615589521885,44.246208674475014,47.36576161251698,44.61834437713214,45.498251790839895,47.65289569294448,42.716474026641784,45.356942726403005,45.499066130209926,45.734546166526265,46.29787442667669,46.25250193313488,46.79171081364849,46.271019904256526,44.262524686370405,46.62652417488313,44.52354766746984,46.82986588800074,43.91610729496652,46.85140998397046,45.93539790403061,45.48982909286249,44.99064791701082,46.00170670931776,46.11109597429131,44.79248879489248,44.00914617950489,44.449946600666905,48.236513956843034,44.43261097698903,44.90933228061468,44.584679997038194,44.334425997279574,47.205770653306466,45.164909276641104,44.153415992364074,46.63651951458357,45.02553244658905,43.81435037257458,45.40757995056338,46.278058987548405,47.005899798525164,43.6053508600512,44.028689770857596,46.15092430853962,47.26239519859025,45.49759474211569,0.1147864895859333,45.14024415384037
1040.0,47.66094796895552,44.065046169595135,44.380376719787904,44.714817738507314,45.0573815221671,44.671873677046534,45.52758179290309,45.695054801109265,46.12171418639716,45.88907825796707,44.08343295026365,46.198216455620056,45.24070604879451,46.14584341207745,46.63556567724451,44.09275389242455,46.598367769753445,44.93956102705609,45.273777667593905,44.08855040296737,46.86602987726302,45.456344651481906,46.180582837495066,46.04226170306572,43.301142514199725,45.214917083331216,45.61929784391425,46.194737420818186,43.937264069431706,46.846159337262804,45.60642639782869,44.65954955707031,46.45825635827214,44.96040752660801,46.67111796506486,44.56915988202178,45.17009323230826,44.37313433895273,47.00173135783461,45.20645202520729,45.46588713185527,46.873769340381834,44.28794154703527,46.89033568895849,45.64549525711111,45.28965903872701,43.95555273851685,47.57886990013007,46.0971658826789,45.80209799954685,46.660634582711715,45.522738886470165,44.2959631520674,44.3402831942501,45.31665740555763,44.15004889150707,46.872450478321966,44.628411914821136,45.70965298867093,47.5138394715554,43.00716852387677,45.409506510245166,45.87005882451261,45.50359210157389,46.232088787154034,45.93387951973096,46.345662809924434,46.363436676353096,44.42997491577923,46.263948892181816,44.670115159395884,46.83386596503648,44.22267277842055,46.867678284158885,46.095136145915575,45.20081269738423,44.99609757264874,46.377087727608966,45.64396904130613,44.965001948361305,44.08702789180011,44.46740083673638,48.065614936038905,44.910904154437254,45.18036392178034,44.28781189847822,44.36971724192698,47.1607849991836,45.17272947183942,44.23074569198727,46.904195952722496,45.20321173830659,44.284427074233975,45.34563865475553,46.05829872835188,46.83774329030405,43.7458855489837,44.240547274590924,46.15019377317267,47.667104783516194,45.499152723532546,0.10828229117661134,45.12596229077497
1080.0,48.322367118805026,44.06510300419555,44.56212003547005,43.69041071683341,45.55704459101861,44.42010236390499,45.65269032850859,45.808398280155856,45.971050115867435,46.1268848536705,44.186243805771795,45.98366180707111,45.67249843844996,45.92437089889634,46.749379991008695,44.087364694498476,46.73783020924695,45.27868289150858,45.34347986728081,44.214352067488456,47.159175258442176,44.1065695376911,46.49731859306271,46.066075400732345,43.45397154556312,45.36560542754848,45.50479852677168,45.06604310700871,44.314432710507695,46.64649709364293,45.486377722656705,44.366429878692664,46.59702797044057,45.71556820853688,46.84975874488417,44.809050261951015,45.005165843720675,44.64179746680497,47.01424829288468,45.36136851978171,45.5380336794405,47.007176911958595,44.3410317263767,47.159552080569966,45.264945674051795,45.185776564581865,44.228720975238836,47.87197978922893,46.49650999231514,45.697825477398375,46.77207923634166,45.729105674095024,44.419247485973365,43.66512338783039,45.14281339355515,43.95668269242947,46.402404038045816,44.5731182688101,45.618015263408495,47.290104355122864,42.939519197550126,45.524167646812195,46.11212724990944,45.337173682301504,46.2253399078167,45.56037492266971,46.2062744811772,46.212114422206525,44.66235930296977,45.64239663651907,44.71844651068847,46.65427683312646,44.30379612907845,46.46318497876353,46.175756539834694,45.119005128969555,45.055079382761306,46.54289438299285,45.55715447070316,45.05423528088024,44.30250678986159,44.513211972781555,46.958858594815915,45.29789255770667,45.178496399062524,44.34220857783126,44.33628789227914,47.05608480722023,44.894311817314424,44.400858881428825,46.683003929307006,44.94490642780563,44.60467296155095,45.54042925546632,45.634573147134475,47.08345914183766,43.96060135570269,44.596843371109784,46.052280731276646,47.59740919660025,45.487861377535744,0.10759604670675867,45.0858577479335
1120.0,48.8333516886691,44.11535767999836,44.848710011634104,43.2359672002902,46.04974895519121,44.7917634279272,46.20138540467649,45.87213522210581,45.777506982546285,46.20772578496281,44.23009853667504,46.083073112574745,46.554539851968755,45.75684215108474,46.787909445156366,44.06089579412119,46.75355845740713,45.08689550731085,45.50942281899751,44.23313162528582,47.217439482260275,42.96777572307214,46.78704606319096,46.23834640033921,43.85714168911943,45.36434320574452,45.49790294176843,45.55534020264204,44.751877683430266,46.65140319570092,45.46151441430826,44.26001777629244,46.80893586605757,46.40135693382692,47.12914449589585,44.922095169971065,44.87480023150678,44.9084946262163,47.16995849215567,45.807972795826586,45.47367675291307,46.87255721712843,44.69121274143392,47.24524469619932,45.008191860162,45.27791395530393,44.44520715057513,47.9593933715286,46.871435895269926,45.63900391412125,46.84456872428835,46.00423487260088,44.482904314010355,43.420103544202,46.106863672318646,43.98604909620558,46.156349116397045,44.56389818039619,45.66261067387509,46.777527862169634,43.31212364965769,45.507625417609155,46.2890703735327,44.98215809725096,46.26558721986461,45.35131859782279,46.03506064536221,46.15570076226039,44.88847202384585,44.65651257494629,44.92457861182881,46.561078730862725,45.22779700109705,45.96428325429656,46.123123502694256,45.30666463952298,45.01527889402881,46.75617971861296,45.78534601957568,44.59416343366911,44.545447723975194,44.497923168499355,47.21466331177106,45.510237795014916,44.858521663443256,44.41065042302157,44.186617924652715,47.21919847294211,44.913233088734536,44.713621332952314,46.73814009059388,44.836594744567854,44.44033137618417,45.75040264310816,45.276566439469775,47.44045492458092,44.033593283395206,44.74962590349987,46.02832086956455,47.743291759197874,45.55921434766518,0.11252398355789106,45.06630775216395
1160.0,49.26218981809503,44.393611150858504,45.22720315095891,43.500314118169456,46.558914138880645,45.15341063685996,46.792778235165734,45.873993633325874,45.46306586530188,46.177823567069396,44.23445740425208,45.678273687627346,47.02958485671028,45.5470896698918,46.79362106075636,44.032863167267756,46.57176124394314,44.91338601652653,45.613005306687825,44.309526337661346,47.10343273247811,42.286671729330195,47.14684628270461,46.345981190697835,44.15492154134697,45.54759808520954,45.54802417685296,46.783192972876165,45.24963488863526,46.86443072524241,45.560860715272874,44.23706897183882,47.084311569025445,46.923835827941716,47.411046048006334,44.96700101161793,44.83433811372004,45.255603319011044,47.094325272313256,46.29599408382423,45.43754321626747,46.77672538137474,44.852096477143384,47.266694125143616,44.86322430573543,45.42105580434242,44.646605945224614,47.689968770828465,47.23178198392551,45.4945431285943,46.97781375020256,46.0788361129513,44.35233401379945,43.0284234082878,46.513827500902615,44.22051771359303,46.00821800648564,44.764601704068326,45.712163072475064,46.159912194134435,43.451048823489046,45.236131164572086,46.37367527781997,44.552866230430055,46.129236491815966,45.14893470417933,45.89682482532097,46.06344707062758,44.98623392179229,43.52611381522647,45.09222123493916,46.6378465356477,46.25202838444527,45.42411805820123,46.015261687520876,45.27430464602223,44.875313554535964,46.954777395115734,45.98685156439611,43.954982980184,44.67208848080924,44.43352042788072,47.06022108951399,45.88777304654798,44.58515494301618,44.20668351575244,43.96177130067154,47.20966904122372,45.129765078000446,44.94857428698361,46.46484729062222,44.36355830760134,44.218905770666616,45.90614963268727,45.311405895130505,47.43105869508104,44.06955779865562,44.87875507960196,45.94573701892156,47.59058575991205,45.59426879764996,0.11987478045700259,45.04154870760243
1200.0,49.29337020899892,44.53071662311247,45.490367704662205,43.86838515337737,47.12623997066923,45.41930608978825,47.14585942092618,45.66911490858664,45.17602658379556,46.12907382959272,44.35603888669881,45.11432346999844,47.144025028069514,45.3162637459225,46.60556559453738,43.94047618195931,46.44539024851948,44.50957777425215,45.91051012982079,44.36356372673817,47.02760586493442,42.027213723077246,47.34908534234968,46.435047862313375,44.53106257183315,45.62938293501174,45.55887105594112,48.97541327605883,45.720159968955834,47.0982441561016,45.89491398456019,44.29362884543194,47.243035614965684,46.76600039768895,47.85212976906688,45.1405120176821,44.94436237378321,45.517943396944425,47.213975754319485,46.2233468554926,45.695121012318154,46.72169955291227,44.993716846505635,47.398704549121895,44.76864232134159,45.671775296772815,44.823029698627906,47.56774030646179,47.376433337175385,45.24505099801942,47.2086669927526,46.00570889315849,44.07603802536489,42.69699750405257,47.745898458356955,44.53256884612521,45.880766074489536,44.94206710840108,45.95414038507948,45.81141565510206,43.604876277271906,44.659657993458886,46.27461243835228,44.08844884564562,45.820941624070215,45.18603032957053,45.85331894600494,45.74218839375025,45.13999951106038,42.710242734353514,45.13567199023437,46.72155380320788,47.125958137953646,45.103453811523444,45.726042225781335,45.16426713158557,44.85833648884084,46.94940921314271,46.085686263997815,43.437735410716364,44.62570502291062,44.48774771668236,46.987313296645524,46.503518555147615,44.592710131078555,44.001787221490815,43.78687199795054,46.75740962152323,45.274473973396,45.04264438600935,46.057089958845424,43.97120592453757,44.35761339742136,46.11710813365119,44.36924046947378,47.43535725955536,44.209445595795664,44.90425181765641,45.90658244048567,47.30087337844333,45.62189694777904,0.13188199990099075,45.01698442741007
1240.0,48.99669197612236,44.87337833583669,45.63120145470739,43.93607413006388,47.3399852978722,45.48145113949541,46.93863101671688,45.4190136780508,44.79840072393136,46.15067076915853,44.38451259484476,44.77737068439173,46.998063239668106,45.14465323599106,46.52765347242189,43.891712846733654,45.97606645161754,44.69101888716063,46.08654577528621,44.15547067240287,46.88949775425165,42.100983431140335,47.45279598309094,46.512986688996435,44.85572078582177,45.858391997996705,45.44242566115117,47.97337571762031,45.987806351074184,47.24657533762397,46.061994243566325,44.279006804843725,47.36466264443664,46.686676879629026,48.17526291855145,45.04504985627059,44.910964498655666,45.67895576315009,47.31793535458303,45.929839330726615,45.782409578978985,46.7242275910535,44.94740414996261,47.404350423264106,44.53332221591184,45.796873396276006,44.98658534030209,47.3209102717464,47.35433450419226,44.961721272779165,47.59192856225686,45.936850428320916,43.931171036446464,42.31086077213115,48.25599437628746,44.90459576141563,45.78781075674509,45.104037292240676,45.82415868081612,45.3663003662797,43.411407726262446,44.06894910887764,46.07122570137365,43.61004379508838,45.534227967476816,45.22015043222251,45.836823782945345,45.488106681391,45.20757522012621,42.21494643639149,45.24297956806302,46.70364705105532,47.41241720015702,45.15288716826439,45.38478058440821,45.038776431769236,44.805034832282644,46.97926152811898,45.949431595338105,43.14428338516744,44.68840700726268,44.5360493276343,46.49265596589674,46.72804343467204,44.57221846706716,44.00659173190426,43.81951316590336,45.98005530612566,45.34498410478179,44.90485530483422,45.9480939934862,43.50047766290256,44.556023365191,46.08508819774878,44.298631874088635,47.5366042650428,44.24521049600521,45.02075621552401,46.0433452797656,46.93837751482825,45.56518260040508,0.13428354110638016,44.94567440734638
1280.0,48.689027235316914,45.307313645889934,45.81926224083446,44.45469953347247,47.47580137859826,45.302038725278244,46.44816963952711,45.040323166437844,44.57319810858519,46.14203982906366,44.40269798870867,44.42974303857082,46.88935695060916,44.947380793173856,46.430386708584585,43.91258576613971,45.56129497245308,44.72914595911553,45.925023638572,43.92474146080493,46.70173108388896,42.67811161405811,47.60982531909773,46.39797476729729,45.088466074656814,46.15301479434268,45.32011568274791,45.59753444432999,46.025738596828546,47.375601791595045,45.947044778929886,44.38532058301997,47.4148516239559,47.09370884405067,48.227156746756975,44.97446846957243,44.91965941263254,45.66333700537652,47.017010342051506,45.52066710947377,46.001687009909986,46.75183510528303,44.776906258218354,47.62232387256538,44.3384267594482,45.822966238374306,45.273497422828605,47.15158849359827,46.98048583986413,45.05604189753559,47.87566465228869,45.7238026324388,43.84580951549862,41.982123554105996,48.36010494007776,45.42302126457126,45.662519170759836,45.31585502200401,45.6524568190357,45.03893759518722,43.62350235171529,43.49442582537351,45.70451169959185,43.144702833085255,45.48368245749467,45.29483162289741,45.69665795742583,45.34575714517811,45.21710738828313,42.230849358745175,45.18497307368403,46.55857906429921,46.7985808168575,44.91795700464342,45.183350268287846,44.81138247841406,44.86607622591025,46.9081003153902,46.014340082128946,43.00399006441189,44.73187129336137,44.5391209539581,45.46181954927358,47.054784269352595,44.74606349827752,43.79623298390849,43.893410963832316,45.059301919463564,45.28477376604625,44.697289059141795,46.03120473153399,42.97200144348546,44.9529800658212,45.98079703046526,44.14038163465625,47.528260618190615,44.347809039254244,45.266546588135476,46.11025205027401,46.91919087034653,45.48169074290591,0.1323107107563681,44.885181812422765
1320.0,48.65120251324185,45.59772924499551,45.834063849988375,45.382523352773596,47.69462958824735,45.34400137225408,45.883025647840746,44.70256555208321,44.419332048623225,45.8707563322231,44.16060822131935,43.73743770894906,46.6793134381744,44.817217961287156,46.42706696254797,43.939060588927596,45.19247311241234,45.26212763579378,45.793632618917655,43.707013398656116,46.52638194920499,43.17900794478293,47.63733370728912,46.22579871913495,45.24768585486924,46.31971038434935,45.20489153003981,44.47389183036679,45.887459201910886,47.39682663890335,45.91095923628132,44.523784051144766,47.32402143667885,47.612470068429715,48.128480069371456,45.10093947952637,45.04827957913094,45.6626733360132,46.69054398444736,45.45848611392396,46.08611810928392,46.76293648018177,44.503718439715364,47.714088784945886,44.31888955692915,45.68814849761412,45.46913427071963,47.18585821903743,46.426610264125586,45.17664324846478,47.890151638959125,45.50136587739423,43.97153763692769,41.78360269954132,47.758438367138226,45.821414569179126,45.48119767584935,45.6174119003991,45.19944465087233,44.81535937358411,44.029165849417744,43.07324855148588,45.401609997010965,42.75083865823375,45.28704729160534,45.07890914370637,45.58110114208528,44.96614296777914,45.37990251874501,42.064548051909675,45.2058200649645,46.28457447736211,45.70075967066065,44.60138996575572,45.116310758538106,44.548999191724725,44.813992147997816,46.750059665786715,46.05854842106274,43.09519831645045,44.62826434109766,44.50925898225181,45.12349433525309,47.31404229857066,44.84239142847126,43.41877065258185,43.928968978134066,44.00529830926006,45.055857312320356,44.55260760156824,46.08122400991233,42.58752800476232,45.775603193789614,46.02922553888093,43.53198233712526,47.089977374330175,44.337200150826305,45.7076072934724,46.06472785454686,46.93639096765479,45.3913606434301,0.1343092681932164,44.83602876390922
1360.0,48.629287229480944,45.79056332910549,45.6722156953543,46.26999033350349,47.77039444666759,45.42296774783653,45.656475406859975,44.49939935086881,44.32301188753328,45.4817867411698,44.07053671924856,44.07920637053464,46.43936559481017,44.45813251039557,46.422205808034334,43.93570989638337,45.01301221503973,46.36801506051906,45.80294483296737,43.76110510692128,46.32959170450074,44.53995882347694,47.535113823997676,45.85993473922193,45.55394893603688,46.35974375451235,44.98232975402406,44.772981020608896,46.00943063003996,47.216305197672646,46.03965653684603,44.78293395258976,47.184021564623606,47.57870384882354,47.93102695441147,45.637591506389036,45.21407838220382,45.68525210648496,46.15998386758882,45.43768323655141,45.99422255459234,46.5781684303,44.40056634743747,47.819687651610266,44.57389515882576,45.33051859829857,45.60212989981547,47.12429341121362,45.8032974231344,45.21367790003474,47.68081352652065,45.27217380415567,43.916485494152504,41.6673270578521,46.88784258166177,46.25303947109646,45.726755978679044,45.93346544750352,44.7202865330293,44.51167394907158,44.03191395777505,42.65218320287914,45.275412795307226,42.91416854549261,45.114766266521286,44.83014973738492,45.38951744858395,44.56337139393724,45.667009612834974,42.17464900675193,45.2888307564843,46.14185110615707,44.8540240653855,44.31077814576807,45.00116478364211,44.341288866510006,44.67761645579738,46.43996856707846,45.936945234726444,42.89664419994502,44.427656065491554,44.54965020666083,45.254314749654355,47.5778489712501,44.94637660560837,43.294708076764145,43.92853794490156,43.61213861140858,44.79782317432714,44.413541547271016,46.23217359672739,42.55301405824483,46.41660847327618,46.08318610774892,43.39747104266608,46.55033957285196,44.2135042377158,45.934062158876685,46.1414075701923,46.9847036714691,45.35498238434894,0.1326403972596585,44.78542796725701
1400.0,48.2634733737142,46.07167789131,45.46007334874855,47.10312465564377,47.708369673744535,45.3553493577892,45.565911847639946,44.35229933707286,44.196466454354294,45.201091309201075,44.02742962190693,44.982076106332606,46.233278915650786,44.19234402370409,46.58361668043231,43.90859159823981,44.84427587652415,47.108199284260934,45.75022724515261,43.85684095936934,46.05159939616399,46.31126080643018,47.60259321481219,45.49045561496658,45.98800707124215,46.802839323299175,44.89592790649923,45.13497186098945,46.21120032226284,47.08566240805793,46.140222729892066,45.11967313790346,47.20590978574974,47.43298272223835,47.58984016757336,46.03235235868384,45.28909639508689,45.78245125939592,45.71584473396077,45.33525044632361,45.835282615835965,46.61055305508143,44.398041688609084,47.87003499810161,44.866621071677535,45.11198282317513,45.60239836458158,46.96775728618864,45.342599619483934,45.252225189825545,47.320373321004105,45.08454293683606,43.76597913769966,41.89688373257161,46.41053709779703,46.4297106337975,46.19095562923826,46.10167827241512,44.71479969891609,44.5893506813252,44.330743334421506,42.31792863850869,45.28707189631937,43.363118928907205,45.06308428855918,44.78301706656104,45.12474452951404,44.35618902213397,45.893239946415534,42.93911739934716,45.30913236807962,46.15391867714918,45.1566988841348,44.152487113775926,44.74955018183142,44.28216540381861,44.63273790633045,46.09271563232548,45.78263585786415,42.85786767017841,44.15059820038337,44.582000123672834,45.77502685259813,47.92121016925535,45.02898830375295,43.404120876840516,44.200279002500245,43.16340865833087,44.660628024331075,44.37371601414252,46.55447087387476,43.124872554043165,46.762419384498585,46.14786945309392,43.45960356718603,46.198896947930905,44.292299861379774,46.024880702870654,46.176070176317744,46.77430297401801,45.39748994543682,0.1295424128272139,44.736137803314456
1440.0,47.77422029341497,46.341765047479804,45.31465626729212,47.21749731244433,47.49863340453703,45.03052041284952,45.03379563846079,44.2286304489011,43.93566384090987,44.80742339284207,44.00097476576169,45.53333516974393,45.88573637135954,43.759117351600715,46.60369046082062,43.67473230997357,44.59625243401639,47.36727086905687,45.667771408462215,43.95495665901811,45.748720178146684,47.748181614495344,47.677060243616424,45.39867300694426,46.17984762193668,47.08984349994685,44.87279875449519,44.73987588490007,46.18369377223316,47.221031310261274,46.15799670141778,45.42786546402697,47.141773390718974,46.865174050856005,47.18601648446643,46.19560870208505,45.07044649610434,45.72124346853353,45.14655913739779,45.25456461093247,45.77301428584857,46.53929781505582,44.43882996436222,47.82872660965936,44.978407831837885,45.03209991357927,45.341389932614696,46.76042388010838,44.83027860057322,45.00600719309201,46.61315553513665,44.79413778646166,43.61600822834327,42.158677395904434,46.04883512160387,46.27589113262766,46.12930883158072,46.14854728518598,44.817413193164676,44.64821787461713,44.20241525476658,42.0441593942844,45.08941681705657,43.65738496976297,44.922276421660506,44.978377723383545,44.946855140424546,44.54149856605489,46.01985244096073,43.5582399880815,45.31835174932744,46.047772222167055,45.698991688500975,44.10260877923276,44.43542200466836,44.321438261135164,44.639070687786244,45.657787349001836,45.63752052910795,42.79893357036675,44.038329019012096,44.452974840347075,45.487134218034804,48.04149310921167,45.075939276767556,43.56506554669765,44.4127322270152,42.682084600534694,44.79466932594081,44.49544697607973,46.568266672067665,43.666124604477716,46.9048495557906,46.12277147435311,43.15463908353395,45.76504473785412,44.39460739740012,46.058032659927385,46.11047154681004,45.96135482163227,45.33402691915037,0.12809208908132264,44.68938538566879
1480.0,47.289554227757485,46.57883340134913,45.17177323442545,46.764469842916014,47.32208722532934,44.55159777044186,44.66190254740778,43.9519536954029,43.67201066560847,44.34009433351364,44.08793973398948,45.59579003200873,45.48155687938358,43.45600056643557,46.59653279088553,43.47000009242527,44.30128576501268,46.887662079186356,45.590526923681736,44.22646107720381,45.586625992632705,48.84696908228171,47.790083299150524,45.430091340672185,46.4440097736297,46.98660433682527,44.91699706299725,46.37322115732155,46.03991600654801,47.30195725810088,46.15816853600983,45.58523665042074,47.00593816331992,46.02563851878271,46.9537660362392,46.08815613662291,44.83059501147591,45.747479504117706,44.8884831360783,44.97065864015161,45.71020160789126,46.271243370981736,44.51574741830729,48.10186835083064,45.09290994577966,45.053944098677206,45.00336816142771,46.468495412152116,44.37536539865193,44.89906333044397,45.918907061978565,44.54456753998945,43.56067877541965,42.335650942353915,45.50594464149878,46.189370936076706,45.528692099245426,46.11314469119052,45.0020711505585,44.47652169731993,44.25310806483212,41.8384081253958,44.79359495262937,43.909364498459645,44.88888247654996,45.10079200172948,44.92776289621096,44.887266145848756,46.10576035242229,43.73472459695971,45.35013489177082,45.806886319895476,45.46472489310732,44.21641083939108,43.952619593819904,44.43768990393738,44.678423675281145,45.237972213602426,45.4521082857934,42.82443047715763,43.94210679282914,44.596755102755495,46.11967105867283,47.858530221800564,45.3391013922267,43.44755358579149,44.536907868048104,42.45320941995426,45.05811630430371,44.80586143482628,46.42483424546417,43.93736245873198,47.02144875267804,46.030605841746436,42.3983516229628,45.49944611860446,44.689478907446876,46.02310709203582,46.035982543080635,44.93518437019523,45.25651065497468,0.12921174600149363,44.64483779270622
1520.0,46.9723257677057,46.58929167705453,45.14462614566512,45.83069131696074,47.21525754004593,43.899497837387244,44.42161193772187,43.633342266504144,43.56759872013944,43.89321766038339,44.13179274779375,45.00056060436102,45.20881714858898,43.09552240223478,46.57482953568477,43.45631812198204,44.07299771240642,46.009744730150686,45.15811443297497,44.636658231040784,45.41512488847973,49.41501140423221,47.77074300680686,45.52386420730877,46.62163442002813,46.75048064885283,44.83482026685221,45.58689893063354,45.945028762659035,47.078067180620906,45.96745952365711,45.515458694608895,46.86707370633864,45.45097216336245,46.579720805172535,45.70135644343638,44.483316431459805,45.5778220573847,44.37406102926977,44.89245360519101,45.433606741139144,45.90220003028969,44.482109954432346,48.15406514126639,44.9563713381024,45.26277607519799,44.65547574329041,46.290110524708574,43.90950814899066,44.88401416003832,45.20503137727639,44.43589909183584,43.43540946485723,42.53900520962492,44.906176528567194,46.113571348307374,45.29750087185703,46.088400378919715,44.76074205985792,44.4446423926469,44.19983758266733,41.789680031206,44.39597889601403,44.16159546073229,44.653097845341904,45.08642203237797,44.82450662457951,45.08877988348082,46.00622822099372,43.866028352137214,45.446960305613764,45.39989239398816,44.77270196167051,44.29452579739254,43.517770705846026,44.4426754155594,44.85680166644508,44.89841311236641,45.2640869135943,42.9433170050099,43.973227554717205,44.775880147876165,46.03436260077424,47.42992300350461,45.74195683837808,43.23687508538954,44.45445960479224,42.31137353574996,45.237007599406894,44.8987826565422,46.34076080461247,43.82378652157555,46.98707380479766,45.815816900625364,41.44782025472362,45.48898506017,44.834046028374004,46.11100092785315,45.83640164127876,43.96931308474978,45.08678955157257,0.13039590603159795,44.53657456592308
1560.0,46.72648604657463,46.32603329362029,44.94794059001893,44.861542219502134,47.17849075918469,43.61301467751453,44.13407990384456,43.50167434851689,43.63408409655531,43.42033921985285,44.14730640501889,43.906798297140675,45.358435191913756,43.044900902941556,46.52628770268887,43.396190106660534,43.66593803047771,45.04659304319929,44.75843295960864,45.08100607859408,45.17900269380532,49.58916057557245,47.696409019653615,45.64098571965001,46.63459130956476,46.296438354609506,44.794462324530436,43.93296976528322,45.92746447526023,46.67606428748982,45.62218454518365,45.2707523095366,46.79402820889447,44.979920460923964,46.09639649184439,45.248994604537174,44.400566358437786,45.33682730786506,43.935651585322546,44.384918729161456,45.027743040296635,45.58528599586883,44.36818595871604,47.816224793228926,44.89253303713069,45.55961265924938,44.189100492628306,46.17317088108411,43.76222277553793,44.77087965492544,44.45312410607821,44.214992164382764,43.39273158615367,42.62003406887758,43.80942755158675,45.92447798615002,45.11370925558816,45.941138329094116,44.329828765209456,44.51949842037764,44.06416288374828,41.755193933780184,43.923685596098025,44.57623486204426,44.63553492733899,45.316435401869526,44.55617717039924,45.160133801136894,45.89295062665912,43.837571685704376,45.66091282658473,44.92269763012719,43.992650896832416,44.433616341440036,42.93575920641139,44.31226316595241,45.10182161824098,44.7124453340918,45.019589636758354,43.18670485466622,44.184246691607406,44.87775100904339,44.683197779597684,46.876757765636434,45.958411193334435,43.27050420942249,44.37503437623857,42.26816992050641,45.28554212556284,44.86275092662518,46.054500966119065,43.69598742133908,46.848152368764694,45.53675071157972,40.02053779230883,45.38787056550095,44.63938309184771,46.235358869512346,45.595531270663564,43.298412939413915,44.86128678917228,0.1340110042613814,44.46361997727184
1600.0,46.1774335397942,45.99654169237998,44.74073238908237,44.74549816339469,46.91791668553465,43.666404329815144,43.8428950405837,43.43329452972059,43.863856347560066,43.059077885101395,44.21356175097893,43.28674281138229,45.16019042141443,43.05850018048033,46.37298653600128,43.18992450799415,43.43134260679812,44.44482383379019,44.48559305834959,45.633530890321886,45.06192348025684,49.414881447610654,47.56989325454326,45.82839312718448,46.46701588986125,45.866888154547816,44.669358624382156,42.78824230838048,45.892907613887985,46.64416382958134,45.18703282496548,45.0673720443879,46.68573537744236,44.47982766655938,45.67211293057087,44.900412733113384,44.60749250388559,44.95598854443845,43.46842968809368,44.27810249487396,44.80289281687107,45.33524437344646,44.24100253091734,47.454218192833224,44.87146733953377,45.70984105649386,43.96652804311523,45.97088823238317,43.75703288062595,44.73289436478151,44.059811247879985,44.06742332262463,43.64254935557359,42.856154498408586,43.451896061626286,46.076127479799304,44.90860623209663,45.93658958458393,43.91093133782305,44.52073889409993,43.46334942083974,41.67186011374883,43.51383727672494,44.648598503707056,44.7961736161551,45.6536130101182,44.06813405820189,45.25394314099919,45.74751456353929,43.6223546465425,45.70440054603592,44.49683050855675,43.79721918660045,44.567261881030916,42.58604428202821,44.19353174791992,45.407064269416416,44.641939222642286,44.84863371088678,43.20547492595127,44.38213263779936,44.990487348108715,43.56256903106544,46.62835414193252,46.14187227251901,43.48870701573766,44.3639930629226,42.85185831707102,45.39167713213328,44.72635585532722,45.734355829210315,43.65045753442132,46.57182890787897,45.251326695905,39.30287416613055,45.2532974840135,44.48663056652312,46.37226160009041,45.415878961229204,43.40409987196629,44.71358656648193,0.1358023618503135,44.34895849280862
1640.0,45.5883694597682,45.570958430301886,44.65846832835263,44.35102741280713,46.51405324609955,43.61527006559165,43.749969824874306,43.43615795597297,44.148451151363474,42.92817467187318,44.33372010535334,42.76266369126359,44.79944050016021,42.98448950919039,46.07917239517844,43.094040333661326,43.26738107327549,44.48015106761517,44.395777057359666,45.88178092517838,44.86869613277658,48.8318911109434,47.45853626792204,45.73227488622048,46.13842951561489,45.431070077194136,44.5649218945167,41.25962182700819,45.69302507648573,46.58080153264897,44.55530731599529,44.70556515473744,46.50774125495091,44.67929112960819,45.54605483883984,44.53463917056823,44.572717785346434,44.60317762143205,43.33735862053584,44.109805708511786,44.448171347133034,45.07228532478693,44.25940844638597,47.04798044782707,44.84176235354515,45.63283295419745,43.78471153092869,45.92545449990541,43.686967012364825,44.885303730453586,43.71801265347398,43.799642821217326,43.86305610336153,42.86858108528805,43.23030217127219,46.235378155964405,44.47069795911832,45.9474641345301,43.43551553262189,44.42815546284701,42.837711955234845,41.754675809028164,43.0367918354315,44.35094917885308,45.01526489111816,45.91522020024381,43.7026126775371,45.47406361232016,45.61348638170849,43.15844960448586,45.62359062205664,44.19488180594426,43.363153824238445,44.66762856800426,42.40123684631732,44.116508587784715,45.55139682867895,44.63542702468987,44.75592595200661,43.19998098698861,44.5930954544872,44.948784595007524,43.08209402981741,46.32049905817511,46.231295066288844,43.726848712299706,44.31814444447835,43.6260314843145,45.61576080965703,44.49546901058321,45.13152783908346,43.591462000821146,46.305605164948034,45.05162969495343,39.6561805848329,45.27347935986628,44.473822568568835,46.400196719727084,45.14654214462487,43.86450609846921,44.57154059887996,0.13394595333546766,44.29185604572898
1680.0,45.14472910159032,44.94865561568608,44.71554283366142,44.011250449992325,45.81239852430503,43.6537444549328,43.79552010181568,43.3871623335156,44.47609011262769,43.05171010410744,44.30907773467558,42.702862826351065,44.372378733797994,42.96449645212168,45.800462278001284,43.13758104439884,43.10914356721541,44.74045931422443,44.30276597435309,45.74373241605623,44.681956175015976,48.03218923527863,47.25360806259053,45.59600022812613,45.7539253660035,45.191696044822315,44.652352218097455,42.53676784050485,45.64211309305742,46.6290665187392,44.1450450447268,44.38832774736084,46.242336286330485,45.490201086987646,45.64873858270232,44.32920099669889,44.46027817830497,44.10770592167076,43.52863101665904,44.278259607054025,44.19184612056761,44.933085188148745,44.49293127095961,46.46749042452157,44.868486517150785,45.30163921135735,43.55055107624103,45.823753881049285,43.65042873022867,44.96349613957525,43.57640732349518,43.546339847271916,43.95248614253538,43.02716417187446,42.43152906411022,46.3684037277934,44.270032708856654,45.926017294775505,43.112813839806854,44.33452826976447,41.98896025396093,41.89282271739524,42.81032430851542,44.149542246278045,45.12045104213812,46.05886367664505,43.540497874531475,45.85193343362674,45.55258337226117,42.64441719998885,45.60996386076789,44.052590057538225,43.16462338773971,44.53452537773845,42.33562640181923,44.05880243842472,45.66260256381498,44.90156021493527,44.641860277250274,43.322233780800936,44.830089486596414,44.64315300064317,43.534801523357736,46.04931841179638,46.196821787485376,43.95154829634061,44.272753893824564,44.5598525099862,45.63968527960235,44.21057034682142,44.691889284524684,43.62489363201598,46.21134432139782,44.98405161273906,40.63052553874156,45.4217062179041,44.83949734766374,46.289110316757764,45.04606402760533,43.91445133026797,44.50994506826487,0.1244124586440097,44.24494539441378
1720.0,45.08508567094098,44.488682370917246,44.78264450724594,43.90340115602872,45.0941751017357,43.90644520119545,43.85562739067109,43.39309211108032,44.649212078727466,43.45277315790801,44.13469304745688,43.098101877695136,44.56065459738322,42.95261425514799,45.58850974335162,43.283913767196,42.94434826864964,44.8098761306133,44.26120808207931,45.50598954359176,44.5352720765211,48.13649900242666,47.03319527573829,45.64361630114837,45.70927203399584,44.83258725402342,44.61602269263689,42.99138040933545,45.84102838148538,46.56068074656485,44.10879717401617,44.233753926067806,46.05010084804674,46.55272496928256,45.687439588889546,44.15270313517867,44.48326463802003,43.61675734490735,43.3015356264886,44.54656322733135,44.28899761944737,44.86278899035946,44.683412588421085,45.98616011972197,44.788888153704434,44.96519367424523,43.11386867548868,45.5451960817764,43.73833839583676,44.88630162920532,43.590291834888234,43.32321918701919,44.027596855598915,43.550176793799295,42.37657536813803,46.3552734183647,44.46178522128779,45.780633738031284,42.90191932824358,44.28255401883153,40.897504572555185,41.855911963849486,42.658173524883,44.16857076051865,45.09016232081358,46.066342437968764,43.45119658461724,46.18832471274968,45.58665643781849,42.442708977816466,45.60736283863526,43.93925490869716,42.99751050126602,44.3075573582015,42.333421112909065,43.93326892391645,45.63662959853258,45.0698459862325,44.33221441229379,43.54608787852211,44.79661112618061,44.295320384693916,43.98360870458435,45.78137264022974,46.03245212910545,44.152257790490786,44.31865700718141,45.26375074405279,45.62933641928543,43.927257716624666,44.55870467832027,43.619842581201304,46.22143205597305,44.8505864947625,41.785240281938655,45.766151042677606,45.33725855933127,46.04910167329803,44.928432265657605,43.678339023519264,44.48977833536035,0.12267415127262944,44.1922711890971
1760.0,44.98482884972292,44.0009369502104,44.842311904949995,43.61359777422419,44.404762446135685,43.94885563900359,43.617014876028286,43.2612269945498,44.600437823720426,43.72540501830502,44.027242455291,43.531221219526195,44.6656683050968,42.95218923979362,45.316388526145715,43.35517886817286,42.712493584685625,44.16134131445143,44.316359485176825,45.27547763367375,44.43448465439605,47.768062624792975,46.75911018831573,45.692199528605144,45.60968598842293,44.254979303490394,44.43920471561465,42.27070408904618,46.04639992641383,46.61701967195606,44.154859640767185,44.166598898543164,45.879521048585936,46.63335976108085,45.59731717805268,43.706889061858675,44.31574793307723,43.257482835030046,43.51458874172282,44.821108997459106,44.645310509606986,44.86006507328489,44.713088173324714,45.64786648323884,44.55820984644286,44.6347089113918,42.70183680056727,45.2786856859054,43.72886136015086,44.73380193505083,43.47413374767223,43.396376324316556,44.07305135529436,43.458219407990505,42.12217712109633,46.192602595424496,44.45075053432646,45.59499214927957,42.59470632825964,44.195912135513986,40.15490071615366,42.1920673833916,42.680180527299584,43.68718784981969,45.23106863745067,45.974862355935656,43.42251446663494,46.227070674329354,45.563929758276075,42.07538356177096,45.49881127809184,43.76337537937542,42.596271776809935,43.97199809161627,42.237436503548196,43.842858538156946,45.468780534304436,45.08837995836047,44.013088377936185,43.92555055961638,44.4904090920462,43.93128431161064,44.756639266473854,45.53373847806199,45.75788286672775,44.27522724184259,44.1932925924921,46.164799853356534,45.49756044390214,43.57797852432871,44.536731510570114,43.50312765514195,46.108621467013386,44.806682437365964,42.71660842998773,45.823453336866244,45.08630970441972,45.857274959956605,44.97552340396363,43.97623868037809,44.394927213596176,0.12372001965356554,44.12612074983964
1800.0,44.84585657596853,43.76289405134911,44.90740737554697,43.393930820723305,43.97143965566718,43.63440189590035,43.56301458478219,43.19092013783129,44.57706128114003,43.60896633533997,43.986550876475604,43.956124008647606,44.52978316660777,43.03130498757666,45.09779995986718,43.34141075519223,42.42536921916634,43.54563550961419,44.73352838895966,45.0921070929961,44.1637364247597,47.36896247362174,46.40009229017239,45.43543730991577,45.36710293050757,43.77484577581999,44.358417979504544,42.30977533245818,46.15082841968639,46.91147124418136,43.88111757597865,44.2462594395858,45.70856595096445,46.75837686115461,45.4514319502181,43.123153432981624,44.19943877507998,43.106642623532316,43.87433413129646,45.3803416388363,44.98266783512175,44.89949988871417,44.64127324838841,45.00553511983006,44.17089561826142,44.63085228397182,42.36794954188428,45.31821403235893,43.87246075081242,44.716697902029814,43.49435036076374,43.55407024998632,44.084654135380866,43.38423425315906,41.43730511065166,46.02897425097621,44.428925859384734,45.410160222609335,42.47542585976032,43.96154935080406,39.42020866664844,42.49302870867994,42.60298537748919,43.271613686289236,45.38570884858353,45.834128060690716,43.453046837974235,46.14772851680314,45.488461817203586,41.89413735548831,45.31422705965207,43.51268151564246,41.92630939582055,43.73817221896641,42.300324042266766,43.78807308719607,45.16557571266424,45.071450426292984,44.27443036023782,44.44653811442159,44.286256027105786,43.751649668502324,44.99478796873167,45.421502258068124,45.68748431110087,44.52457071894893,44.16590643124628,46.73201816797648,45.78781502257534,43.249772276876556,44.91146550197616,43.38145625209301,45.989453425346454,44.97317070314017,42.845942086864426,45.95987773850591,44.5175905252391,45.70196580148067,45.09627227026028,44.12992710158507,44.31669249181093,0.1296932002627302,44.08404036117874
1840.0,44.959031562110724,43.74876410872674,45.00125367646458,43.42286163535108,43.76246505202525,43.32539673108977,43.50693835281406,43.36069515516621,44.749808022642895,43.39222659905163,43.856976464875956,44.42587930708139,44.41606940610755,43.043446489495985,44.969539401440244,43.36286534984516,42.004062109060754,43.479824413965765,45.06366462674803,44.90384012990059,43.964806719982754,47.094483498191785,46.063911923509515,45.15730876094595,45.067214555789015,43.61391924965474,44.28056941861016,42.744068643065475,46.19185959973704,47.13942866415197,43.71452771073829,44.15763705509932,45.4664726736912,46.09727900859172,45.27195168806868,42.87409449393021,44.080622877644785,43.09339187408293,44.00291288325275,45.90753603961881,45.29245729012352,44.916901765736654,44.43513840355689,44.29085762992552,43.83474057550781,44.78469230896184,42.128813418903206,45.34900600610301,44.127806263080565,44.70786599469446,43.45463735680431,43.54276281405865,44.24661957187615,43.33627514658284,40.633534358120535,45.79255426586381,44.79618683626411,45.16873026406781,42.740362908715916,43.84183257954495,38.63024452766734,42.575899152937986,42.57337461089477,43.0871571381005,45.35753340182734,45.77590188053822,43.620479325967636,46.021285109545765,45.27797312661397,41.98671177080738,45.08432050442177,43.24774152195228,41.28504360925899,43.60441191529135,42.48499879222049,43.9665088701216,44.80211837590992,45.174445341994605,44.46790240158822,44.94312171920447,44.075428459282804,43.68708990818962,44.43609011927003,45.19033197877641,45.790141601477416,44.76971911762195,44.10079045900969,46.7729292260192,46.04730628972539,43.04887427206114,45.47884777380679,43.481984669342495,45.65117241818665,45.16076504320007,42.68276043040191,45.751788195738285,44.05971723360834,45.5176336798398,45.188027739892036,44.25639574173241,44.252763491448604,0.13440647105335352,44.01148357028533
1880.0,44.797785976111946,43.80970371768866,45.08107512355831,43.56965528774012,43.550355463989455,42.99190627528691,43.353863728157755,43.50383037392336,44.80328778401513,43.097057515560444,43.737236596500665,43.92764353106996,43.95204736664506,42.96176574693803,44.97719404264165,43.187319760881365,41.905028339571665,43.34377168748264,45.26401338085703,44.912787133513056,43.62512824904876,47.177694265990326,45.55270418806962,44.88842594489204,44.675648526123716,43.344008585967465,44.02676739736781,42.66481105829164,45.92032992413579,46.99511401653879,43.51440287228707,43.91444769553734,45.274442367864694,45.26218716861388,45.20257711198835,42.50651401517176,43.71102008617555,43.079901628787205,44.038923214847244,46.37533369194711,45.376528767396564,44.892379423914846,44.12149855619219,43.4041285286539,43.57090174005015,44.66597464764713,41.924963103825334,45.4843028980015,44.11213988424986,44.84885311763392,43.03328041716549,43.68218439975092,44.56099356801918,43.422147973148284,39.658419256159675,45.47342417377008,44.65517640331522,45.00255913204901,42.944798591203735,43.746658151499254,38.13317114408091,42.844205621989516,42.413378260300156,43.25382551791476,45.28725233230492,45.71281102087166,43.54487506312603,45.72502019033135,45.082947155711196,41.99656719328207,44.7812478302361,42.83510852803392,41.35205504745774,43.45553181322596,42.65833291198631,44.08944194282811,44.473677765246045,45.04648711418318,44.391548433582244,45.37300654173951,43.90288584573173,43.467824498813556,42.016429833600206,44.80897207868095,45.895861109866765,44.86363741209835,43.973679913238875,46.241666116035425,45.88625411882437,42.967414920175635,45.992182968781435,43.65103514962052,45.37836370163566,45.234531107468115,42.24195393199905,45.22792297139993,43.5393008556546,45.30718140926982,45.181428989300485,44.32852595427688,44.09616567890329,0.13992447921225382,43.95506362052227
1920.0,44.5307605602511,43.91776526390566,45.12464910082761,43.68120007757015,43.46146707324148,42.84490075653522,42.87528849292675,43.570172770364664,44.813511624590724,42.77994181432272,43.632813445071704,43.29228065764009,43.29199323538416,42.98443200489599,44.87839177037232,42.86327967834038,41.90506263216839,43.39482878335659,45.09845458517448,44.7470162466332,43.08386438550863,46.97863563596679,44.90738490739883,44.74384343468781,44.39572338770686,43.04614019009091,43.83216713909955,42.71618974786515,45.66174636632065,46.695718133949775,43.37379493475229,43.82456669151364,45.065446105133184,44.45497785648976,45.08937444199708,42.230961983581565,43.35711449102519,43.04439426500725,43.666552757468935,46.53784165517747,45.157632457678844,44.70301624265514,43.73323460232527,42.67691539380179,43.32467323330768,44.60346087940468,42.03536366430769,45.749238988288965,43.79600343592979,45.13398883038981,42.81124631169271,43.759765588616695,44.8931164516645,43.34330305186687,38.22669188459751,45.13424115809174,44.51404551617206,44.9326632019777,43.00485067594433,43.37280180548744,37.8725467073304,43.003918685754584,42.15758567801242,43.7364384424138,45.30035177836959,45.5479542357002,43.17681818839268,45.31589603036363,44.89661661710053,42.004557905730785,44.43765963308401,42.62947692873906,41.895343160034,43.323281058912485,42.67439315620633,43.94652872704248,44.167120313960915,44.909875999067964,44.4259979342137,45.51924263049672,43.757320188316584,43.174823441700134,40.24192759979418,44.48717329550585,46.09447985619627,44.72340379569457,43.96601916984519,45.69554222163052,45.50862842561707,43.01628841405098,46.4126435086769,43.67066367227729,45.29733564676326,45.17415550219238,41.786260205142725,44.45903173099738,42.67496765537305,44.929045815036154,45.13660124459889,44.04258633961909,43.9049140399847,0.14791345303975084,43.901718344607474
1960.0,44.19065456814126,43.96636519256835,45.02807436795195,43.76637974520646,43.354660196339104,42.776246590120756,42.35494538907592,43.4478262604392,44.73690915498429,42.464818355008035,43.3886965779388,42.83472444503634,42.66911851218809,42.83966513464378,44.558318397799084,42.585477040170964,41.926895454983615,43.00180429991018,44.87416761804305,44.43195883859015,42.54315473787447,46.283578151422276,44.24932793866748,44.53666520606773,44.13923024235346,42.81059659664581,43.58736379525371,42.244188249037066,45.27671400494731,46.38759336586208,43.24570442712761,43.66372710083458,44.90168985903387,43.76635536632036,44.65174623968242,42.104471602312266,42.92223262244711,43.104584868870084,43.31461188662532,46.21989883501916,44.751030619034964,44.32241940030863,43.4990933728637,42.32338425614717,42.86540651282544,44.526950501668104,42.014682356088244,45.91763963028224,43.32369167128019,45.15893640395531,42.573362991577575,43.76715142177633,44.96269927025028,43.177053740997586,37.68093849252271,44.78719061700944,44.04632885163726,44.75759797589513,42.89244948007324,42.88075515173965,37.60241949433295,43.07275321410244,42.07033653957241,44.201101456879535,45.29587871769089,45.25796794622224,42.61577187727404,45.19084837772833,44.88295536385796,41.98633847507149,44.119185168163824,42.41282021881157,42.87944378924038,43.24867339511858,42.49298608655227,43.88937114825828,43.74961176260504,44.49477482824667,44.517411575747055,45.56005900037941,43.668964938207885,42.85135077034266,40.03224843452831,44.35988188274629,46.227823016057286,44.34778575920207,43.84261008076256,45.62298957344275,44.89752610934384,42.96068287525994,46.651646845483505,43.70993498114691,45.04826144644376,44.965382575522646,42.00454128148566,43.559276270357174,42.081980086352665,44.69390029603231,44.99957037783287,43.94543204660437,43.69392402036488,0.14897076055914088,43.863756214617055
2000.0,43.99512848065301,43.82917574479392,44.88080201241277,44.56869138095583,43.28810428745396,42.5732794197229,41.94724997664455,43.297522800377244,44.62030866173022,42.11479675592519,43.337394721313686,42.17627391931172,42.22696704134038,42.978518709317015,44.28945986335195,42.380933944375485,41.97804458090238,43.02596846963189,44.84989478337586,44.19325515203859,42.08947249065054,45.81248339416637,43.70392631578424,44.53477880432979,44.174512034380534,42.53201027837688,43.36946473452822,40.91023899049432,44.97072463532449,46.073125227777155,43.17380150117544,43.523067508635776,44.69409052664826,43.5681199152529,44.478355999632434,42.140137475934694,42.592813653376716,43.20710716378741,42.97700956655498,45.96559276280412,44.515598653321256,44.08285794867601,43.33067120481892,42.266959406471216,42.496214560270985,44.57521253891871,42.01691235607367,45.85359910257758,42.84624539739965,44.859270107381924,42.374923107425936,43.66981986010588,44.69610496885046,43.076340043930465,37.93166685957401,44.340027100309975,43.58015092123513,44.59217123776898,42.960535380177504,42.47287047550584,37.66925156500642,42.90841364941168,42.19518150626274,44.26422183659222,45.35763934931539,44.812752132940716,42.16320108674056,45.299222030425156,44.76278430627292,42.3012320787597,43.80173289840315,42.22428888958813,43.69436779752643,43.259944080208236,42.419969849401966,43.67020158327341,43.48623887893745,43.888575712167885,44.50850916501211,45.73832838227151,43.60668105394757,42.61177696808249,41.954913307378746,44.18827223905258,46.42466201937102,44.15998666226476,43.77517213627989,45.74851921641032,44.14961479375128,42.891308965361766,46.925590844953675,43.67613764158454,44.678655396822926,44.786035652204454,42.64058399381753,42.96062958279489,41.8775768125932,44.76946174718159,44.94963144281183,44.07824464368189,43.56860266814901,0.14536994650228466,43.80580948378904
